URL,Name,Review
https://www.amazon.com.tr/gp/profile/amzn1.account.AGNQPPASMHN34IRWGOV4SUACDXKQ/ref=cm_cr_arp_d_gw_btm?ie=UTF8,Ozan,Öncelikle ürünün bana gönderim hızından ve kutulanmasından çok memnun kaldım. Fakat yaşanan bir karışıklığı belirtmem gerekiyor. 2. Nesil airpodlar kablosuz şarj ve kablolu şarj seçeneği olarak ikiye ayrılıyor ve kablosuz şarj olanların kutu tasarımı ufak değişiklikler gösteriyor. Örneğin kablosuz şarj olanların ışığı önde gözükmektedir. Ben bu farksan haberdar değildim ve bu ürünü bekliyordum. Aldığım bu ürünün görsellerinde de bu ürün böyle görsellenmişti. Ürün bana geldiğinde bir hata olduğunu sandım ve değiştirme talebinde bulundum. Sonradan bu modellerin 2 çeşiti olduğunu öğrendim. Özetle görseller kafa karıştırabilmektedir dikkat etmek gerekir. Ama ürün son derece kaliteli ve kullanışlı. Tavsiye ederim
https://www.amazon.com.tr/gp/profile/amzn1.account.AGHENKB2FWWD2DXBWDYTU6TLJTEQ/ref=cm_cr_arp_d_gw_btm?ie=UTF8,Faruk Akar,Arkadaşlar dikkat edin 1 nesil airpods gönderiyorlar 1 İLE 2 ARASINDAKİ FARK SARJ IŞIĞI 1. NESİL DE İÇİNDE 2 . NESİLDE DIŞINDA 1. NESİLDE CİHAZIN SARJ OLDUĞUNU ÖĞRENMEK İÇİN İÇİNİ AÇMANIZ LAZIM 2. NESİLDE İSE CİHAZIN SARJ OLDUĞUNU UZAKTAN ELİNİZİ SÜRMEDEN GÖREBİLİRSİNİZ İNTERNETTEN 1 İLE 2 NİN BATARYA KUTULARINA BAKIN
https://www.amazon.com.tr/gp/profile/amzn1.account.AGNQU5YH3CTC3MQGPN3ER5OVLU4Q/ref=cm_cr_arp_d_gw_btm?ie=UTF8,mehmet,Amazonun kalitesine güvenerek airpods u bu siteden alalım dedik ve karşımıza bu mağaza çıktı.Fiyat uygundu ve alım işlemi gerçekleştirdik.Kargo maalesef 1 haftadan fazla sürede elimize ulaştırdı o konuda gerçekten vasatlardı.Daha sonra kargo tamam elimize ulaştı derken ürünün 2 yıl Apple Türkiye Garantili diye satılmasına rağmen aslında 1 yıl garantisi olduğunu öğrendik.Size 2 sorum var.1-Bu olayda ticaret ahlakı nerededir ?2-Diğer Sorum Amazon'a bu tür firmalarla neden çalışıyorsunuz ?Bundan sonra bu firmadan ne ürün alırım neden başkalarına ürün aldırtırım.
https://www.amazon.com.tr/gp/profile/amzn1.account.AG734BUWZGZAC44SENILLMHPVWHA/ref=cm_cr_arp_d_gw_btm?ie=UTF8,Sul Kuc,Günlük olarak kullanıyorum. Ortalama haftada bir şarj ediyorum. Kulaklık sabahtan akşama kadar kulağıma  takılı ve çoğu zaman müzik dinleyip telefonla görüşüyorum. Akşama doğru tekrar kutusuna koyup şarj etmem gerekebiliyor. Bir süre sonra varlığını unutuyorsunuz. Ses kalitesi yeterli ve kablosuz olması çok kullanışlı yapıyor. Koşu bandı üzerinde ve diğer sportif faaliyetlerde de kullanıyorum. Havlu ile silerken varlığını iki kez unuttuğum için koşu bandında kulağımdan düştü ama hasar görmedi. Telefon görüşmelerinde genel olarak sıkıntı yok. Yalnız bir kez çok yoğun ve gürültülü durumda karşıdaki kişi yoğun gürültüden duyamadığı için görüşemedik. Arabada bluetooth olmasına rağmen yine de bu kulaklığı kullanıp müzik dinliyorum. Dış sesleri de alabildiğin için rahat olduğunu düşünüyorum. Yurtdışında insanların kendi para birimi ile 150 ... verdiği bir alete 1000 lira civarında para verdiğim için hiç hoşnut değilim. O yüzden bu kadar parayı verebilecek olanlara ancak tavsiye edebiliyorum. Bu arada gelen ürünün kutusu sanırım birinci nesil kutu ile aynı. Işığı kutunun içinde yanıyor. Ama diğer özelliklerde sıkıntı olmadığını düşünüyorum.
https://www.amazon.com.tr/gp/profile/amzn1.account.AF7PG63NYVRQ3VBHYBO2L6SES4MA/ref=cm_cr_arp_d_gw_btm?ie=UTF8,Tarik ONAL,İkinci nesil airpodslar kablolu ve kablosuz şarj kutulu olmak üzere iki farklı versiyonla çıkmış. Ben kablolu şarj kutulu ikinci versiyon airpods satın aldım. Burada en çok bu ayrıntıyı karıştırıp birinci nesil kargolandığını zannedenler oluyor. Ürün incelemelerini daha önce izlediğim için bir sürprizle karşılaşmadım. Her zaman ki Apple kalitesini kurlardan ve vergilerden kaynaklı yüksek fiyatıyla elde etmiş oluyorsunuz. Kablolu iphone kutusundan çıkan earpods kalitesinde müzik dinleme ve telefon konuşması yapma imkanı sağlıyor. Sanki kablolu orijinal kulaklığını kullanıyormuş gibi.  Kulaklıkların şarj hızı muazzam. iphone ile uyumu zaten kusursuz. Android li telefonlarda da denedik hemen bağlandı. Uzun süre kullanacağınızı düşünerek önce taklitlerini alıp pişman olduktan sonra gelip bunu almayın. Direkt bütçeniz uygunsa bu ürünü alın derim.
https://www.amazon.com.tr/gp/profile/amzn1.account.AEDIYLX57VCE77K6KQJYELOCT5OA/ref=cm_cr_arp_d_gw_btm?ie=UTF8,Amazon Customer,Orijinal Apple Türkiye garantili olması güzel. Amazondan alışveriş her zaman ayrı bir keyif. Ürünü alırken araştırmanızı yapın. Ürün 2. nesil fakat şarj kutusu kablosuz değil. En iyi fiyata araştırmalarım sonucu aldım. Kullanımı çok rahat. Ses kalitesi mükemmele yakın. Konuşma yaparken çok net ses alıyorum. Karşıya sesim çok net gidiyor. Apple ın en iyi aksesuarı bence. Fiyat bir kulaklık için fazla olabilir yalnız şarj durumu vb. diğer özelliklerine baktığınızda diğer markalardan gerçekten ucuz. Teşekkürler Amazon. Yıllardır yaptığımız alışverişlerimiz 'güvenle' devam ediyor.
https://www.amazon.com.tr/gp/profile/amzn1.account.AFZ2TOBFCIXLVIB5QNCLKN7QNN3A/ref=cm_cr_arp_d_gw_btm?ie=UTF8,uuRAbi,Daha önce 708₺ ye versiyon 1'i almıştım. Şimdi 808₺ ye versiyon 2'yi aldım. Bir farkları yok bence. Ama heves işte. Yanına da amazon.com' dan kulak içi süngeri aldım. Ondan sonraki performansını ben de merak ediyorum. Şimdilik (sağ kulağımdan düşmesi dışında) bir sorun yok :)
https://www.amazon.com.tr/gp/profile/amzn1.account.AFWHZY2YXDTYE77BYQ67GAKRJLYA/ref=cm_cr_arp_d_gw_btm?ie=UTF8,Emrah Ortel,Ürün ertesi gün elime kutulanmış darbaye dayanıklı kutu içersinde korumalı bir şekilde muafaza edilmiş bir şekilde elime ulaştı.. Ses kalitesi normal kablolu iphone kulaklıklarından bir iki tık yüksekte ve bu bana yetiyor.. Telefon Konuşma performansı ses kalitesi muazzam diyebilirim. Airpods Pro çıkmasını bekledikten sonra almaya karar verdim gerçekten proya ihtiyaç olmadığını düşünüyorum.. Alacak kişilere tavsiye ederim Amazon güvencesi ile bu imkanı sağladıkları için teşekkürler  894 TL gibi indrime düşerse kaçırmadan almalısınız..
https://www.amazon.com.tr/gp/profile/amzn1.account.AG23YD6DEEM47V5JHUUHVYPXS5AA/ref=cm_cr_arp_d_gw_btm?ie=UTF8,Murat,"Ürün Apple kalitesini yansıtıyor iphone ile uyumuna edecek laf yok oyunlarda felan gecikme hissedilmiyor ancak android için aynı şeyi söylemiyeceğim. Ben İphone dışında  Samsung Galaxy j7 pro ile test ettim hissedilcek düzeyde gecikme var. Telefon konuşmalarında ses kalitesi çok iyi etrafdaki gürültiyü engeleyerek karşı tarafa gönderiyor ve ses gayet telefondan konuşur gibi gidiyor karşı tarafa. Hoşuma gitmeyen veya düşündüğüm gibi çıkmayan hoşuma gitmeyen belki, durum ise kulaklıkları kulaktan çıkardığınızda otomatik  çalma duruyor ancak kulaklıkların pili harcanmaya devam ediyor.  Kullanmıyorsam ve kutuya koymadıysam pilin normal dinleme gibi bitmemesi gerekirdi."
https://www.amazon.com.tr/gp/profile/amzn1.account.AFQIO2YDKSLHUKLM5AYIYUMNOPUA/ref=cm_cr_arp_d_gw_btm?ie=UTF8,mustafa gureci,"ürün geldi, çalışıyor, kablosuz şarjlı modeli değil bunu tercih ettim. gayet güzel ve kullanışlı. şimdiye kadar aldıklarım arasında hayatıma etki eden ürünler içerisinde iyi almışım dediğim bir ürün çünkü çok kullanışlı. yalnız gelelim asıl konuya neden 1 yıldız verdim. ürün geldi, iki kulaklığın arkası da siyahımsı ve sanki ince bir neşter ya da benzeri bir alet ile oynanmış içi açılmış gibi geliyor. şüphelerim hala sürüyor. Cihazda problem var mı şuan için yok ama arkası siyah ve tamir görmüş bir ürün ise bu fiyatı vermek çok cazip değil. kimsede kabul etmez. bu durumu hala düşünmekteyim. yetkili kişilerin bana ulaşması konuya bakışımı değiştirecektir."
https://www.amazon.com.tr/gp/profile/amzn1.account.AEHEGNBA6UXIEHNL26WU3PXL5IFA/ref=cm_cr_getr_d_gw_btm?ie=UTF8,BÜLENT,"ÖNCELİKLE ÜRÜNÜN ORJİNAL OLDUĞUNDAN ŞÜPHE YOK ,APPLE DE GARANTİ SÜRESİ 24 AY YERİNE 21 AY GÖZÜKÜYOR,DÜZELTMEK İÇİN APPLE DESTEK HATTINI ARADIM FATURAYI İSTEDİLER,GÖDERDİM, ANCAK  SATICI AMAZON ÜRÜN FATURASINA CIHAZIN SERİ NUMARASI YAZMADIĞI İÇİN, APPLE DÜZELTME YAPAMADI,AMAZON MÜŞTERİ TEMSİLCİSİNİ ARADIĞIMDA FATURAYA ÜRÜN KODU YAZDIKLARINI  SERİ NUMARASINI YAZMADIKLARINI SÖYLEDİLER,SONUÇ OLARAK PİNPON TOPU GİBİ AMAZON İLE APPLE ARASINDA KALDIM SORUNUM ÇÖZÜLMEDİ,YILLARDIR GÜVENLE ALIŞVERİŞ YAPTIĞIM AMAZON VE APPLE BENİ ORTADA BIRAKTI,BUNU BİLEREK ALIN DİYORUM..."
https://www.amazon.com.tr/gp/profile/amzn1.account.AEAIRTE3S4BDOHHPRIBRUJW7COWQ/ref=cm_cr_getr_d_gw_btm?ie=UTF8,Emre Uyar,Amazon yine kalitesini göstererek Airpods'u en uygun fiyata bizlere sundu. Gece verdiğim sipariş hızlı teslimat olmamasına rağmen 36 saat geçmeden kapımdaydı. Paketi açmadan seri numarasını kontrol ettiğimde ürünün orijinal olduğunu gördüm. İlk kullandığımda ise gerek rahatlığı gerekse ses kalitesi açısından ürüne bayıldığımı söyleyebilirim. 5 saattir aralıksız müzik dinliyorum ve bir ara acaba ses hoparlörden mi geliyor diye telefonumu kontrol ettim :) Kulağınızda olduğunu hissetmiyorsunuz bile. Kullanımı çok rahat ve Siri özelliği oldukça kullanışlı.Tek rahatsız olduğum nokta ise genel bir Apple problemi olan müziğin sesinin dışarıdan duyuluyor oluşu. Earpods kullanırken bu durumdan oldukça rahatsızdım. Airpods da bu sorunu düzeltmiş olabileceklerini düşündüm ama yanılmışım. Ses seviyesi %60'ın üzerine çıktığında müziğiniz dışarıdan duyulmaya başlıyor. %100 de ise Airpods kulağınızdayken yanınıza arkadaşlarınızı alıp hep beraber şarkıyı söyleyebilirsiniz :) Almayı düşünen arkadaşlar bunu göz önünde bulundurursa sevinirim.
https://www.amazon.com.tr/gp/profile/amzn1.account.AF2UWDWOKK5ITQI2NMSPHPPAXBGQ/ref=cm_cr_getr_d_gw_btm?ie=UTF8,M. T.,"Verdiğim paraya değecek bir ürün. Bittibitiyor kullanıcısından aldım, kargo özenliydi ve sağlam bir şekilde geldi. Yorumlarda gördüğüm bir olay vardı insanların kafası karışmaması için açıklama yapmak istedim. Şarj göstergesi olan yeşil ışık kablosuz şarj olan modelde dışarıda bulunuyor, benim aldığım bu ürün olan yani kablolu şarj olan airpods 2. nesilin yeşil ışığı kutu içerisinde oluyor. 1. nesil göndermiyorlar yani. Bunu apple sitesinden ürünün kutusu üzerinde olan seri numarasını yazıp kontrolünü sağlayabilirsiniz.Beğendiğim özellikleri:+ Ses kalitesi harika, kablolu apple kulaklığı gibi hatta ondan da kaliteli diyebilirim.+ Mikrofon kalitesi de güzel, telefondan konuşurken karşı tarafa gayet net gidiyor ses ve mesafesi de baya uzun, telefonu kendi odama koyup salondan bile konuşabiliyorum.+ Kulağımdan asla kaymıyor yani kasti olarak bile kafamı sağa sola salladım, düşürmeyi denedim yine de düşmedi.+ Kutusunda şarj edip tekrardan kullanma olayı çok güzel.+ Şarjı da güzel gidiyor, otobüs yolculuğunda kullandım 3 saat gibi bir süre kulağımdan hiç çıkarmadan hep şarkı dinledim yüzde 50 60 lara anca geldi pil yüzdesi. Kutusuna koyup şarj ettikten sonra kutunun da toplam şarj yüzdesi yaklaşık yüzde 30 azaldı yani tamamen bitirsek 2 kere tam şarj yada 1 tam 2 yarım düzeyden fazla kulaklıkları şarj eder diyebilirim kutusuna.+ İçerisinden lightning uçlu şarj kablosu da çıkıyor.Beğenmediğim özellikler:- Kutusu çizilmeye çok müsait yani bir kere düşürseniz falan sorun olabilir. Kılıf almanızı tavsiye ederim.- Çok yüksek sesli müzik dinlerseniz dışarıya biraz ses gidiyor ama normal düzeyde yada bir tık üstünde dinlerseniz sorun olmuyor."
https://www.amazon.com.tr/gp/profile/amzn1.account.AH23X3BHXRUO5INFPGDPLBU43H7A/ref=cm_cr_getr_d_gw_btm?ie=UTF8,Gökhan Kutlar,"1. En Ucuz fiyata amazon da buldum, teşekkürler.2. Daha önce üst düzey kulaklıklar, hoparlörler kullandığımdan AirPods ses kalitesi iyi değil. Fiyatına göre kötü. Eğer ilk önceliğiniz ses kalitesi ise ve daha iyi sistemler kullandıysanız AirPods almayın.3. Çekim, bağlantı, konuşma vs test amaçlı kullanmadım, yorum yok.4. Apple ekosistemi diye bir kelime uydurmuşlar, övgüler diziyorlar...Aldanmayın. Ben de birçok apple ürününü yıllardır kullanıyorum ama AirPods belki en alt kalite sırasındaki ürünüdür apple’ın.Dolayısı ile “apple” değil, ihtiyacınız olan şeyin en iyisine bakın. İhtiyacınız olan ses “müzik” ise apple listelere giremez. Bu ses “konuşma” ise 3-4 kat para biraz gereksiz.5. O zaman ben niye aldım? “Ekosistemin” beş yıldızlarına aldandım..."
https://www.amazon.com.tr/gp/profile/amzn1.account.AEOMO4W6BKPTMNFMWQ2V3JSSZL5Q/ref=cm_cr_getr_d_gw_btm?ie=UTF8,Muyu,Ürünü alırken birçok kişinin apple ın düzgün isimlendirme yapmaması sayesinde kafası karışmış. bunu açıklayayım- Kulaklıklar 2. nesil ama sarj kutusu 1. nesil yani kutusunda kablosuz sarj yok içinden çıkan kablo ile sarj ediliyor.- Ürün orijinal fakat seri no ile apple sitesinden baktığınızda garanti görünüyor fakat satın alma tarihi görünmüyor bunun için apple destek ile görüşürseniz hallederler.- Ürün güzel gerçekten iphone ile uyumu muhteşem anında bağlanıyor ses kalitesi bayağı iyi ama yapısından dolayı son seste dışarı ses veriyor. Konuşma durumuyla ilgili bir iki görüşme yaptım karşı taraf iyi geliyor ses dedi ama ben müzik dinlemek için aldım o yüzden gayet güzel müzik dinleme açısından
https://www.amazon.com.tr/gp/profile/amzn1.account.AGHBVBB6ERUJE7JDJ7OEXIZLEFRA/ref=cm_cr_getr_d_gw_btm?ie=UTF8,mehmet korkmaz,Öncelikle Amazon'un kargo hizmeti inanılmaz derecede iyi! Ertesi gün harika bir biçimde kutulanarak gönderildi.Kulaklığı gelince...-Mikrofonu berbat denecek derecede kötü. Telefonla konuşurken sesim resmen iletilmiyor.-Ses düzeyi ne kadar artarsa dışarıdaki insanlar o kadar eşlik ediyorlar.. ses dışarıya çok fazla iletiliyor.-Telefon konuşması sırasında sürekli cızırtılar geliyor. Rahatsız edici derecede bir cızırtı.
https://www.amazon.com.tr/gp/profile/amzn1.account.AF74RRC6ZRMXKR5XBXKBU56CWX4A/ref=cm_cr_getr_d_gw_btm?ie=UTF8,Ali,Urun gayet kullanisli iphone cihazlarla uyumu mukemmel ses kalitesi iphone kutu icinden cikan kulakliktan daha berrak ve yuksek geliyor. Urunu 2. Alisim malesef ilk aldigimda sag kulaklik arizaliydi cizirti/patlama sesi mevcuttu amazon sagolsun urun iadesini yapip parayo hesabima 2 gun icinde yatirdi. Tekrar satin aldim tesekkurler
https://www.amazon.com.tr/gp/profile/amzn1.account.AGXJ7U52QHGM3WY4N5EMUYF3SEFQ/ref=cm_cr_getr_d_gw_btm?ie=UTF8,Amazon Customer,"1 günde elime ulasti, cok iyi paketlenmis hicbir sorun yoktu. Internetteki en uygun fiyatti ve kampanya döneminde bile siparis verdikten bir gün sonra elimdeydi cok tesekkürler. Bir seye aciklik getirmek istiyorum bu 1. nesil, 2. nesilde isik kutunun disinda yazan kisiler olmus. Kablosuz sarjli 2. nesilde isik kutunun disinda, kablolu sarjli 2. nesilde isik bunda oldugu gibi kutunun icinde. Apple‘in sitesinden görsellere bakabilirsiniz"
https://www.amazon.com.tr/gp/profile/amzn1.account.AH6BXQ6HBN3SEDRAERWFF7LTP4GA/ref=cm_cr_getr_d_gw_btm?ie=UTF8,murat korkmaz,Eğer kulaklıkla beraber bir apple watch ınız varsa keyfine diyecek yok gerçekten işte o zaman tam kullanmaya başlıyorsunuz telefonu cebinizden çıkarmaz hale geliyosunuz mükemmel bir üçlü kombinasyon oluyor veo zaman zevkine varıyor iyiki almışım diyorsunuz.saat ve kulaklık öyle uyumlu oluyorki resmen zirve yapıyor hiç bir markada bu uyumu bulamazssınız tek kelimeyle parasını sonuna kadar hak ediyor amazondan aldım hepsini ilk tercihimdir her zaman sorun yaşamak istemiyor ve içiniz rahat olsun istiyorsanız alışveriş budur.
https://www.amazon.com.tr/gp/profile/amzn1.account.AGVQEFKDKVAPQUJPR3OOGLPLJQWQ/ref=cm_cr_getr_d_gw_btm?ie=UTF8,SEHA,"AirPods 2.nesil kulaklıkları, eski kablolu Apple kulaklıklar ile çok rahat edebildiğim için tercih ettim. Kulak içi kulaklık tasarımları bana çok uygun olmadığından, AirPods Pro ergonomisinden emin olamadım. Sadece yeni teknolojisi ve gelişmiş gürültü önleme özelliklerini dikkate alsaydım, tabii ki tercihim daha ufak boyutuyla Pro olurdu.Kulaklığın şarj kutusu inanılmaz şık ve kaliteli dizayn edilmiş. Kutu ve kulaklıklar %75 şarj ile geldi ve iPhone telefona yaklaştırıp, kutu kapağını açmamla bağlandı. Telefona eklediğim batarya widget'ı ile hem kutunun, hem de kulaklıklarının şarj durumunu görebiliyorum. Ayrıca kutu kapağını açıp yine telefona yaklaştırdığımda, açılan pencerede ne kadar şarjı kaldığını gösteriyor. Ayarlardan sağ tarafa dokunca şarkı ileri, sol tarafa dokununca şarkı geri özelliğini seçtim. Bir tarafı kulaktan çıkarınca çalan şarkının durması özelliği de aktif.Kulaklıklar kutusundayken iPhone telefonunuza yaklaştırıp kutu kapağını açarsanız, ekranda çıkan pencerede kutu ve kulaklık şarjlarının yüzde kaç olduğunu gösteriyor. Ayrıca en sağa kaydırdığınız widget ekranında batarya widget'ınız telefon şarjıyla birlikte AirPods şarjlarını da gösteriyor.Telefon çalarken bile kutusundan çıkardığım kulaklıklar, taktığım anda çok hızlı bağlanıyor ve konuşmaya hazır hale geliyor. İki tarafın şarjı birbirinden biraz farklı sürüyor, genelde önce sağ kulaklığın pili bitiyor ve her iki kulaklığı da kutusuna koymamla çok kısa sürede şarj ediyor.Daha önce çeşitli markaların spor modelleri dahil farklı bluetooth kulaklıklarını denediğimden, şarj süresi, bataryası ve özellikle mikrofonu kesinlikle daha başarılı. Spor ve müzik için kullandığım tüm pahalı bluetooth kulaklıkların mikrofonlarının performansı inanılmaz kötü ve bırakın rüzgarlı hava veya kalabalık dış mekanlarda konuşmayı, iç mekanlarda bile karşı tarafa sesi temiz düzgün bir şekilde iletemiyorlar. Eğer gün içinde yoğun telefon görüşmeleri için kullanacaksanız, sırf mikrofonu ve konuşma performansı için bile kesinlikle tercih edilir.Müzik konusunda, Apple kablolu kulaklıkları ile aldığım her şeyin ortası, beni memnun eden benzer performansı AirPods'ta da aldım. Çok aşırı bas meraklısı değilim, tizleri benim için oldukça temiz ve sesi en yüksek düzeyde fazla bile geliyor.Diğer sitelere oranla az fiyat farkına rağmen sırf hızlı servisini bildiğim Amazon TR'den öğleden sonra ücretsiz kargo olarak verdiğim sipariş, ertesi sabah 08:59'da kargo robot bilgilendirme aramasıyla yarım saat içinde kapımdaydı."
https://www.amazon.com.tr/gp/profile/amzn1.account.AGXX35W4KG7FCUHCELK5HU4OXWEQ/ref=cm_cr_getr_d_gw_btm?ie=UTF8,M.B,Çok memnunum. Teslimat süreci sıradan kargo şirketlerinin çok ilerisinde bir kaliteye sahip. Airpods ürün özelliklerini zaten okursunuz değerlendirirsiniz. Bu 2 sene içerisinde aldığım 3. Airpods oldu. Biri çamaşır makinesinde yıkandı maalesef o yüzden hemen yenisini almak zorunda kaldım. Ucuz değil ama sık sık telefonla konuşarak iş yapanlar için bir mecburiyet diyebilirim. Orijinal mi gibi şüpheleriniz olmasın orijinal. Amazon’un büyük hacim sebebiyle zaman zaman daha uygun satabildiğini düşünüyorum.
https://www.amazon.com.tr/gp/profile/amzn1.account.AEMTKL72SA34WLZPGPXOMZHTZ2UA/ref=cm_cr_getr_d_gw_btm?ie=UTF8,Muhammet recep öglü,Ürün kullamaya başladığım da telefon görüşmelerimde bir süre sonra parazit gibi ses geliyordu karşımda ki kişinin sesini duyamıyordum kulaklığı çıkarıp tekrar kulağıma koyduğumda düzeliyordu acaba tel de mi sıkıntı var diye düşünmüştüm (iphone 6plus) sonra bilgisayarda da aynı sorunu yaşayınca iade ettim. Sonra öğrendim ki başka bir arkadaşım da başına gelmiş hatta 3 kez iade edip yenisi söylemiş hep aynı sorunu yaşayınca pro almış. Amazon ürünlerin de mi sorun var bilmiyorum ama bu şikayeti dikkate almalılar..
https://www.amazon.com.tr/gp/profile/amzn1.account.AFKL6UCBACXHEMZKAJSD44VYOYCQ/ref=cm_cr_getr_d_gw_btm?ie=UTF8,Kadir Kürhan,Ürün Orjinal Apple GarantiliAncak apple garanti sorgulama sayfasında satın alma tarihini girdiğinizde hata alabilirsiniz.Bunu düzeltmek için apple destek servisini ararsanız faturayı gönderdiğiniz takdirde sistemde güncelleme işlemini gerçekleştirebilirsiniz.Teşekkürler.
https://www.amazon.com.tr/gp/profile/amzn1.account.AECDCIFHHZKEKBO4YWH62I644ZAQ/ref=cm_cr_getr_d_gw_btm?ie=UTF8,Amazon kullanıcısı,"Ürün siparişimden bir gün sonra geldi. Her aşamada bilgilendirme mesajı ve maili aldım. Amazon online alışveriş sürecini kusursuz yönetiyor kesinlikle. Ayrıca yanıltıcı yorumlar mevcut. 2. Nesil olan airpods’ların model numaraları A2032 ve A2031. Kutu üzerinden ve kulaklıkların içindeki numaradan kontrol edebilirsiniz. 2. Nesil airpods kablolu şarj kutusu ve kablosuz şarj kutusu olarak iki şekilde satılıyor ve kutuların görüntüsü birbirinden farklı. Bu kafa karıştırıyor karıştırmasın. Kablolu modelin sinyal ışığı içeride, diğerinin dışarıda. Zaten kablosuz şarj kutusu almanın hiçbir mantığı yok bence. Fiyat performans olarak en uygun airpods modelidir. Kullanıcı deneyimi de oldukça keyifli. Tavsiye ediyorum."
https://www.amazon.com.tr/gp/profile/amzn1.account.AGGNQLZTZ2XQV6FKBN7E3ILIYKAQ/ref=cm_cr_getr_d_gw_btm?ie=UTF8,İsa,"Ürünüm Expres kargo ile Ücretsiz bir şekilde belirtilen tarihte geldi. Kuryenin konumunu göstermesi, gelmeden bir süre önce adresimde olup olmadığımın kontrolü ve paketlenmesi güzeldi. Ürün air pod 2.nesil. Şarj kutusu ise kablolu şarj. 1 haftalık kullanım deneyimim şöyle: Ses kalitesi kablolu ile hemen hemen aynı. Kulağı rahatsız etmiyor. Kulaktan düşmüyor. Ancak şarjı söylenenden daha çabuk bitiyor. Hç kullanmadan kutuda bekleyen kulaklıkların ve kutunun şarjı durduk yerde azalıyor. Bence bu kadar fiyata değmez. En beğendiğim yanı beni telefon veya bilgisayar başında durmaya mecbur etmeden evin heryerinde müziği dinleyip telefon konuşması yapabilmem. Özellikle telefon şarjda iken air pod kullanmak çok keyifli. Şunu aklınızdan çıkarmayın telefonun şarj durmuna ek olarak kulaklık şarjı da hayatınıza girecek."
https://www.amazon.com.tr/gp/profile/amzn1.account.AH6SW26DXDCNPTZVNV32VFFSJZ3Q/ref=cm_cr_getr_d_gw_btm?ie=UTF8,Ömer faruk kolay,Ürün 1 gün içinde teslim oldu yalnız jelatinini açmadan seri no kaydı sorgularken hata veriyor  amazon müşteri hizmetlerini arayıp durumu anlattım apple müşteri hizmetlerinden destek almamamı talep etti kutuyu açabilirsiniz herhangi bi olumsuzlukta 30 gün içinde iade etme hakkınız var dediler bende açtım umarım bi problem olmaz
https://www.amazon.com.tr/gp/profile/amzn1.account.AEA4WMGZRX57HLVV2F7SNAAB7S2A/ref=cm_cr_getr_d_gw_btm?ie=UTF8,Amazon Customer,"Amazon'un İzmit'teki deposundan Bursa'ya ürün tam dört günde geldi. Geldikten sonra da şubede 2 gün daha bekletildi ve Cumartesi günü gittim elden aldım. MNG kargoyla rezalet bir tedarik deneyimi yaşadım. Onun dışında ürün güzel, sıkıntısız. Eğer kargo MNG olacaksa, yakın fiyatlara başka sitelerden almanızı tavsiye ederim."
https://www.amazon.com.tr/gp/profile/amzn1.account.AHBJSF4QNRUCKQ4GZ4OXNGJSEU3Q/ref=cm_cr_getr_d_gw_btm?ie=UTF8,Ando,"+Müzik dinlemek için bas, tiz, ses aralığı ve genel ses kalitesi oldukça iyi,+genel ses düzeyi gayet tatminkar,+Kulağa iyi oturuyor ve düşmesi zor (koşarken sorun yaşatmıyor)+Nispeten şık ve kompak tasarım (kutusu da)+Macbook, iphone, apple watch gibi ürünlerle eşleşme ve uyumu harika; kulaklığı çıkarınca sensör sayesinde şarkının/videonun durması ve tekrar takınca kaldığı yerden devam etmesi ve de sağ sol kulaklığın üstüne atanabilen 3-4 jest hareketi (tek komut atanabiliyor; havuzda.4 komut var, ileri, geri, oynat, siri)- mikrofon ses kalitesi iş görüyor ama vasat, apple'dan beklenen düzeyde değil.- ""aşırı ve oldukça gürültülü ya da çok rüzgarlı"" ortamlarda -noise canceling/gürültü engelleme- özelliği olmadığı için dinlediğinizi duymakta zorlanabilirsiniz,- kutusuz azami 5 saat şarj süresi (segmentindeki çoğu üründe de süreler böyle olsa da) bence yetersiz,- lightning port fetişi yerine usb type c bağlantı olmalı idi,- şarj kutusu yüzeyi çizilmeye müsait,- ederinden yukarıda fiyatlama,özetle, tüm apple ürünlerinin küçük bir özeti gibi olan bir ürün: Alanında en yenilikçi, en devrimsel, en fonksiyonel değil ancak yaptığı işi belli ve beklenen kalitede yapan, beklenen stabiliteyi sunan, apple ekosistemindekiler için kaçınılmaz ancak yine ederinin üzerinde satılan bir ürün (bence ederi 500 tl civarı ama güncel ekonomik koşullar ve döviz seviyesinde imkansız elbette)"
https://www.amazon.com.tr/gp/profile/amzn1.account.AFXFBLNTUTYUIXRD3NRNUB4TCBBA/ref=cm_cr_getr_d_gw_btm?ie=UTF8,A. İ.,Ürün zaten bilindiği gibi kaliteli ve günlük birçok işinizi görüyor. Saf müzik dinlemek gibi bir amacınız varsa tavsiye etmem çünkü ses izolasyonu kötü. Bunun dışında ekspres teslimat seçeneği ile sipariş vermeme rağmen kargo şirketi ürünümün ertesi gün teslim edilemeyeceğini söyledi. Ben de bunun üzerine Amazon ile iletişime geçtim. Hem ekspres teslimat ücretini iade ettiler hem de kargom ertesi gün elimdeydi. Yardımseverliğiniz için teşekkürler.
https://www.amazon.com.tr/gp/profile/amzn1.account.AHYKEKFG5YFDJ2QYV7GN4VIRVFZQ/ref=cm_cr_getr_d_gw_btm?ie=UTF8,Ziya Beken,"Eşimin İphon'u için almıştım, çok beğendim ve kullanıdığım Samsung A50 telefonum için aldım. Samsung'un kendi çıkardığı Pods'a fark atıyor. Şahsen çok beğendiğimi bildiririm. Amazon'un kendi sattığı ürünü aldım ve aynı gün teslimat yapıldı.Teşekkürler."
https://www.amazon.com.tr/gp/profile/amzn1.account.AG575AWTDQTFIJGIQAXKIOSL5IKA/ref=cm_cr_getr_d_gw_btm?ie=UTF8,Banu,"Kargo sorunsuz bir şekilde elime ulaştı. Paketleme her zamanki Amazon kalitesindeydi. Sorunsuz kargo ve özenli paketleme için çok teşekkürler.Üründen çok memnun kaldım. Kablosuz şarj benim için çok önemli olmadığından bu ürünü tercih ettim. Pro modelinin daha kısa olması koşu gibi spor aktivitelerinde kulaktan çıkma sorunu yaratabilir diye bu modele karar verdim.Kulakıl tüm Apple cihazlarla çok rahat eşleşiyor. Kulaktan çıkardığınızda devre dışı kalması, takınca tekrar bağlanması, çift dokunma ile şarkı değiştirme gibi özelliklerinden çok memnun kaldım. Telefon görüşmelerinde ses kalitesi de oldukça iyi. Kısacası benim tüm ihtiyaçlarımı fazlasıyla karşılıyor. Dışarıdaki sesi filtreleme, kablosuz şarj gibi özellikler aramıyorsanız ve Apple ürünleriniz varsa ilk düşünmeniz gereken kulaklık bu olmalı."
https://www.amazon.com.tr/gp/profile/amzn1.account.AFZKI6GFHCZ4FO4PZR6VJ4LKH2DQ/ref=cm_cr_getr_d_gw_btm?ie=UTF8,Faruk Özgü,"- Ürünü 15.09.2021 tarihinde saat 14.30 civarı sipariş ettim, 16.09.2021 tarihinde sabah saat 9.30 civarı elime ulaştı. Bu inanılmaz hızınız için teşekkürler Amazon.- Kulaklık 2.nesil arkadaşlar merak etmeyin, 1.nesil falan gelmiyor. Apple üzerinden servis ve destek sorgulama ekranından seri numarası ile sorgulattım ve ürün 2.nesil.- Ses kalitesi ile başlarsak, kullandığım kablosuz ve kablolu kulaklıklar arasından açık ara en temiz ve en kalite sesi bu kulaklıktan aldım. Zaten kablolu kulaklıklarda yine Apple'ın Earpods kulaklıklarından başkası beni tatmin etmiyordu.- Mikrofon kalitesi çok ama çok başarılı, kulaklıktan konuştuğumu anlamıyor bile karşı taraftaki.- Kutu ve malzeme kalitesi çok başarılı, elinize aldığınız an anlıyorsunuz kaliteyi.- Şimdilik tüm izlenimlerim bu kadar. Fiyatına değer mi bilemem çünkü bence bu fiyat hiç bir kulaklığa değmez, fakat piyasadaki diğer kablosuz kulaklıkların maalesef bir çoğu kalitesiz. Seneler önce bu fiyata telefon alırken şimdi ancak kulaklık alabiliyoruz."
https://www.amazon.com.tr/gp/profile/amzn1.account.AGOTSY7C6NXKUPJGAEA5N5KDRXPA/ref=cm_cr_getr_d_gw_btm?ie=UTF8,Mehmet ULUS,"Dışarından gelen her türlü sesi alıyor.Ses kaynaklarının olduğu(İnsan, makina, cafe vb.) bir ortamda dinlemek istediğinizde dinlediğiniz şeyden keyif almayacaksınız. Sesler birbirine karışıyor.Bu yönden kötü bir kulaklık.Bu noktada alternatiflere bakılmalı (Airpods Pro, Galaxy Buds+, Sony WF1000XM3 vb.)Hijyen kapsamında olduğu için ürünü geri iade etmeniz mümkün değil.Benim geri iade talebim geri çevrildi."
https://www.amazon.com.tr/gp/profile/amzn1.account.AH3QWGVUANBDD4PXIEOY4Z4HJMIQ/ref=cm_cr_getr_d_gw_btm?ie=UTF8,Orhan Altundağ,Ürün anlatıldığımı gibi memnunum. Fakat Apple tarafından garanti kapsamında onaylı gözükmüyor satın alma tarihiyle ilgili bir sorun yaşıyorum 1 haftadır.Konuyla ilgili yardımcı olunabilirse sevinirim.
https://www.amazon.com.tr/gp/profile/amzn1.account.AHEJTYYNMYIITHWACWT3R2QFS2MQ/ref=cm_cr_getr_d_gw_btm?ie=UTF8,Seda,"Parasını sonuna kadar hakeden bir ürün. Siparişten 2 gün sonra “kolaygelsin” kargo firmasıyla tarafıma teslimatı sağlandı. Üründe herhangi bir hasar ya da deformasyon yok ve sorunsuz çalışıyor. İlk taktığımda denemek için arkadaşımı görüntülü aradım, ses eko yapıyordu. Daha sonra ayarlardan mikrofonu sadece sağ ya da sol kulak yapınca sorun düzeldi. Muhtemelen 2 kulaklığın mikrofonu da çalışınca sesler karıştı. Onun haricinde 2 kere tıklayınca seçime göre “Siri, Şarkı oynat/duraklat, bir sonraki/önceki parçaya geç” şeklinde seçenekler mevcut. İstediğinizi seçebiliyorsunuz. İlkten çift tıklama özelliği çalışmıyor sandık ama biraz kurcalayınca çok nazik dokunduğum için çalışmadığını anladım. Şarj konusunda da çok problem yaşamadım, kutunun şarjı bana birkaç gün gidiyor. Bu biraz sizin kullanımınıza da bağlı ama sizi kesinlikle yarı yolda bırakmaz.P.s: Ses gidip gelme konusunda da herhangi bir problem yok. Karşı taraf sesimi çok net aliyor. Dediğim gibi ses yansıma problemi oluyorsa kulaklıklardan sadece birinin mikrofonunu aktif edin sorun çözülüyor. En azından bende öyle oldu."
https://www.amazon.com.tr/gp/profile/amzn1.account.AHC2URRPNKP2PSMM4BUDTH5LDRSA/ref=cm_cr_getr_d_gw_btm?ie=UTF8,cem,Ürünü aldığımız gibi telefon ile eşleştirmeye çalıştık ama nafile. Bir türlü eşleştirme moduna geçmiyor. Apple müşteri hizmetleri de yardımcı olamayınca iade edin dediler. Kart kampanyasından faydalanarak almıştık. İade edince puan da iade olacak elbette. Amazon Almanya ya da İngiltere olsaydı hemen özür mahiyetinde hediye çeki tanımlardı ama Türkiyede farklı bir Amazon var maalesef.
https://www.amazon.com.tr/gp/profile/amzn1.account.AHMBJNKIZGST6V2EQBKJUQYQUHXA/ref=cm_cr_getr_d_gw_btm?ie=UTF8,c.b,"ürünü zaten uzun zamandır kullanıyordum. kalitesi belli. artık ömrünü doldurunca yenisini amazon'dan sipariş verdim. ürün geldi, kullanmaya başladım. 15 gün sonra kutu şarj olmamaya başladı. önce kablodan sandım bendeki diğer kablodan denedim yine şarj olmadı. ancak kablonun ucunu sağa doğru 1 pozisyonda sabit kalacak şekilde ayarladığımda şarj oluyordu. hemen müşteri hizmetleriyle iletişime geçtim. ürün için değişim talebi oluşturuldu. bendekini ücretsiz olarak kargoya verdim. amazon'a hatalı ürün ulaşınca bana yenisini gönderdiler. teşekkürler."
https://www.amazon.com.tr/gp/profile/amzn1.account.AEADJGCRDIPUF6SVBMAH3GHZ7WFQ/ref=cm_cr_getr_d_gw_btm?ie=UTF8,Kadir Ozarpaci,"Bende Airpods Pro da bulunuyor, fakat kulağıma büyük geldiği için ağrı yapıyordu. Ek olarak Pro daki ses sistemi, dengesi vs. başımda ağrı yapıyordu. Bu sebeple 2. Nesil Airpods almaya karar verdim. Bu kulağıma tam oldu ve tüm gün hiç rahatsız olmadan ağrı olmadan kulağımda taşıyabiliyorum. Ses kalitesi anlamında Pro ile arasında çok çok az fark var yani Pro 10/9 ise, bu 10/8.5.Her şeyiyle çok beğendiğim severek kullandığım bir ürün oldu. Android telefonumla kullanıyor olmama rağmen hiçbir sorun yaşamadım. Kesinlikle tavsiye ederim."
https://www.amazon.com.tr/gp/profile/amzn1.account.AGJ5ER7ZDK75VYRY7SZM44LFK5UQ/ref=cm_cr_getr_d_gw_btm?ie=UTF8,Nilüfer,"Airpods konusunda memnun kalıp kalmamak konusunda şüphelerim vardı, iphone x ve asus zenbook kullanan birisiyim. İkisine de uyumu çok güzel, ses alış verişi gayet yeterli, çok hafif ve standart iphone kulaklığından bir tık iyi gibi. Zıplarken koşarken kulaktan düşmüyor (en büyük korkumdu) gerçekten yorumlarda yazıldığı gibi kulağınızda olduğunu unutuyorsunuz. Kulak içi kulaklık sevmeyen biri olarak 2. Nesilden memnunum ve bu sebeple kendim test ettikten sonra bir adet de abime hediye almış bulunuyorum.İphone’dan orijinallik sorgulayınca garanti süresini vs de görüyorsunuz.Amazon’a da hızlı ve güvenli aynı zamanda uygun fiyatlı gönderim için teşekkürler."
https://www.amazon.com.tr/gp/profile/amzn1.account.AHJAZHTRN76ULMBFSPSA2LTAN7TQ/ref=cm_cr_getr_d_gw_btm?ie=UTF8,Canberk CANBAZOĞLU,"Kulaklıkların performansı ve kullanım süreleri gayet iyi fakat, kutusu çizilmeye çok meyilli. Ürün elime ulaştıktan sonra 3-4 gün boyunca çok yoğun bir şekilde kullandım ve kutusu sürekli cebimdeydi. Kullandığım bu sürenin sonunda (almadan önce okuduğum yorumlarla bağlantılı olarak) kutunun bu kadar çabuk çizilip çizilmediğini görmek istedim ve her tarafında çok büyük olmasa da dikkatli bir şekilde baktığımda beklediğimden çok daha fazla çizik olduğunu fark ettim. Kendi düşünceme göre kılıfsız kullanmak çok büyük bir risk taşıyor.Bu sorunlar haricinde Kullanım rahatlığı olağan üstü. Kulağınıza taktıktan sonra, kulaklığın kulağınızda olduğunu hele ki yoğun bir iş ile uğraşıyorsanız tamamen unutuyorsunuz. Telefonu cebinizde çıkarmadan çoğu şeyi yapabilmeniz çok işe yarar bir durum. Telefon cebimdeyken çağrıları cevaplaya biliyor, alarm kurabiliyor, notlar alabiliyor, hava durumu, yol tarifi, mesaj gönderme vb. işlerinizi çok kolay bir şekilde halledebiliyorsunuz. Kullanım süresi beklentimden çok daha iyi. İki kulaklığı aynı anda nadir zamanlarda kullanılıyorum, bundan dolayı tek kulaklık kulağımda olduğunu süre boyunca sürekli diğer kulaklığa geçerek aktif olarak 2 gün boyunca kullanabiliyorum.Bu fiyata gayet iyi bir performans ürünü. Alacak ve almayı düşünün arkadaşlara şimdiden iyi günlerde kullanması dileği ile."
https://www.amazon.com.tr/gp/profile/amzn1.account.AGP53BTIOFCXHMUU4SQQHSBOUVJQ/ref=cm_cr_getr_d_gw_btm?ie=UTF8,Abdullah S.,Orijinal Apple Türkiye garantili olması çok iyi. Ürün 2 gün gibi kısa sürede elime ulaştı. Ürün 2. nesil fakat şarj kutusu kablosuz değil. En iyi fiyata araştırmalarım sonucu aldım. Kullanımı çok rahat. Ses kalitesi mükemmele yakın. Konuşma yaparken çok net ses alıyorum. Karşıya sesim çok net gidiyor.  Günlük hayatta kullanım için çok uygun konuşmalarda hiç sorun yaşatmıyor. Kulakiçi olmadığından şahsen uzun süreli kullanımlarda rahatsız etmiyor. Apple ekosistemiyle uyumu ayrıca çok başarılı tavsiye ediyorum.
https://www.amazon.com.tr/gp/profile/amzn1.account.AHYS5WYMIDUF2NJHJIHIWKHWYZ2A/ref=cm_cr_getr_d_gw_btm?ie=UTF8,seigfried,"Ürün orijinal Apple ürünü. Çok müzik dinleyen birisiyim hatta müzik dinlemek için toplu taşıma/ev ayrı kulaklıklar alıyorum. Bunu serviste dinlemek için ve kulak içi olduğu için acil bir şey de kullanımı daha kolay olsun vs diye aldım. Bugüne kadar tek dezavantajı gerçekten ses 6 tıktan sonra özellikle sessiz bir ortamda çok net duyuluyor sanırım ömrüm boyunca toplu taşımada falan full sesle bangır bangır dinleyemeceğim. Avantaj olarak kulağınıza takıp bluetoothu açtığınız gibi direkt bağlanıyor bu da çok hoş bir şey android kullanıcılarında nasıl oluyor bilmiyorum ama ios için gayet kullanışlı. Androidiniz varsa zaten almamanızı öneririm kulaklığın zaten ahım şahım bir özelliği yok var olan özellikleri de kullanamayacaksınızdır yüksek ihtimalle. Ses kalitesi earpodstan veya çoğu kulak içi kulaklıktan güzel, temiz bir ses veriyor. Bu kulaklığı alıp basslı müzik dinlemeyi bekleyen yoktur zaten herhalde. Genel olarak güzel ürün."
https://www.amazon.com.tr/gp/profile/amzn1.account.AGKHBGWSOQHEOCWK7WPE7GXWW3YQ/ref=cm_cr_getr_d_gw_btm?ie=UTF8,Serkan,"Ürün rüştünü ispatlamış bir ürün o yüzden ürün özelinde değil, kargoya yorum yapacağım. Kolay Gelsin kargo şu ülke sınırları içinde kurulmuş açık ara en iyi kargo hizmeti sunan firma, hızlı ve sorunsuz, ayrıca kurye arkadaşlarda nazik ve güleryüzlü arkadaşlar. Teşekkürler amazon."
https://www.amazon.com.tr/gp/profile/amzn1.account.AGJQ36ARUN5F7OBMOFYKPS2Q67LA/ref=cm_cr_getr_d_gw_btm?ie=UTF8,Barış D,Öncelikle kargo sürecinden başlayacak olursam sipariş verir vermez hiç tahmin etmediğim bir şekilde özenli ve hızlı geldi. Sipariş verdiğimin ertesi günü elime ulaşan inanılmaz bir üründür kendisi. Online alışverişlere her zaman ön yargılı yaklaşan biri olarak gelir gelmez kutusunun sağlamlığına baktım ve apple üzerinden orijinalliğini sorgulattım. Kesinlikle gelir gelmez siz de sorgulattığınızda 2 yıl garantisinin olduğunu da apple üzerinden görmüş olacaksınız. Çok memnun kaldım
https://www.amazon.com.tr/gp/profile/amzn1.account.AFP3XPLLGPHABJTTF27XOT2BIPKQ/ref=cm_cr_getr_d_gw_btm?ie=UTF8,KemalD,"Ürün birinci nesilden çok daha fazla pil ömrüne sahip ve Apple cihazlar arasında çok çabuk ve tutarlı bağlantıya sahip, birinci jenerasyonda ürünü kutusundan çıkarıp taktığımda bazen bağlanmayabiliyordu, tekrardan bluetooth menüsüne gidip bağlamak zorunda kalıyordum.Üründen çok memnunum lakin;Ürünü Amazon'dan satın alırken, bankanın 21 Aralık'a özel bonus kampanyasından yararlanamadım. Ödeme için sanal POS partneri olarak IYZICO kullanılıyor ve sektör olarak ""Elektronik"" değil de ""Diğer"" seçilmiş ve bunu geri bildirim olarak da bildirmeme rağmen pek umursanmadı, örneğin hediye çeki vs. ile yarım elma gönül alınabilirdi.."
https://www.amazon.com.tr/gp/profile/amzn1.account.AHTZZBNBVFKXHA6VA7KOFG2N3X4A/ref=cm_cr_getr_d_gw_btm?ie=UTF8,özgün,Amazon kalitesiyle operasyonuyla herşeyiyle 1. sınıf alışveriş tecrübesi yaşıyorsunuz. Kulaklığın ufak bir problemi vardı çoğu insan belkide kullanmaya devam ederdi.Bu arada kulaklık iphone için müthiş uyumlu konuşmalar için vazgeçilmez bir kolaylık sağlıyor. Örneğin ben arabada Bluetoothla müzik dinliyorum telefon gelince kulaklığı takıyorum ve direk ses kulaklıktan geliyor görüşme sonlanınca müzik tekrar arabanın hoparlöründen gelmeye devam ediyor. 1 ayın sonunda rahatsızlık duyduğum durumu anlattım 2 letmediler bile direk iade aldılar.
https://www.amazon.com.tr/gp/profile/amzn1.account.AGK4DH63X6ODCPRGCIDR7WJWBHAQ/ref=cm_cr_getr_d_gw_btm?ie=UTF8,Josh,Hocam öncelikle bu ürünü Amazon prime alıp sipariş verdim 2 gün içersinde elime geldi ürününün Apple sitesine girip seri numarasından kontrol ettiğimde orjinal olduğunu görünce rahatladım ürünü şuanda kullanmaktayım Öyle internetten sipariş veren bir insan değilim Amazon’a güvenerek sipariş verip almış bulunmaktayım yani gerçekten güvenerek verebilirsiniz sorunsuz geliyor güzel korunmuş bir şekilde hemde ürünün ses kalitesi gerçekten çok iyi ve rahat bir kullanımı var eğer alabiliyorsanız alın derim iyi günler
https://www.amazon.com.tr/gp/profile/amzn1.account.AFXUGKZDM3MNOKXGT6WHLLEPQJDA/ref=cm_cr_getr_d_gw_btm?ie=UTF8,Burcin K,"Kablosuz olmasının konforu gerçekten muazzam, ev ya da ofis içerisinde kısa mesafede hareket ederken yanınızda telefonunuzu dolaştırmaya gerek kalmadan müziğinizi dinlemeye ya da konuşmanıza devam edebiliyorsunuz. Sabah akşam yolda müzik dinleyerek gün içerisinde telefonla konuşarak kullandığım airpodların şarjı full şarj edildiğinde 5 gün rahat gidiyor. Ancak beğenmediğim tek tarafı tek kulak müzik dinleme şansını elinizden alması ve de müziğin sesini açıp kapama özelliği olmaması. Ses için cepteki-çantadaki telefona yönelmek durumunda kalıyorsunuz. Keşke kulaklığa tıklamalardan biri volume + - ile alakalı olsaymış. Zannediyorum ki sonraki nesillerde olacak bu özellik."
https://www.amazon.com.tr/gp/profile/amzn1.account.AEKERXBN3NA535W2CJIYR5E3JEYA/ref=cm_cr_getr_d_gw_btm?ie=UTF8,Ece,"En çok ""çakma"" veya iade edilmiş ürün teslim almaktan korkuyordum, kargoyu teslim alır almaz kutunun, şarj kutusunun ve airpods'un seri numaralarını kontrol ettim ve ilk sahibi olduğundan emin olduğum orijinal bir ürün aldığım için rahatladım. Son zamanlarda internette çok fazla replika ürün dolaştığını okumuştum bu yüzden ilk önce bu kontrolü yaptım. Amazondan bu zamana kadar yaptığım hiçbir siparişten pişman olmamıştım ve bundan da olmadım. Eğer sahtelik/orijinallik gibi çekinceleriniz varsa hiç düşünmeden Amazon üzerinden satın almanızı öneririm. Ürüne gelince, normalde Urbanears Plattan 2 wireless modelini kullanıyordum, bununla kıyaslayınca ses yüksekliği ve yalıtımı tabii ki de geride kalıyor, çünkü biri kafaüstü kulaklık. Ama ses kalitesi ve sesin netliği konusunda bahsettiğim kulaklıktan çok çok daha iyi. Sesleri çok net alıyorum. Telefon konuşması sırasında da konuştuğum hiç kimseden sesin bir garip geliyor? kulaklıkla mı konuşuyorsun? tarzı bir soru almadım, kullandığım başka bluetooth kulaklıklarda sıkça karşılaştığım bir soruydu. Karşıyı çok net duyuyorsunuz, karşı taraf da sizi çok net duyuyor. Kısacası, benim çoğu tereddütümü boşuna çıkartan bir ürün, iyi ki almışım dedim. Benim gibi tereddütleri olan insanların aldıklarına pişman olacaklarını hiç sanmıyorum. Ayrıca bir silikon kılıf ile kullanmanızı öneriyorum, kendisi çizilmeye çok müsait duruyor, bu kadar para verdiğiniz bir ürünün çizilmesini istemezsiniz."
https://www.amazon.com.tr/gp/profile/amzn1.account.AG6RIUHHHQAXBG3UL5SN3MWPEWEA/ref=cm_cr_getr_d_gw_btm?ie=UTF8,Mert Nuhuz,"Bu ürünü almadan önce diğer bluetooth kulaklıkları inceledim tabii ki. Genel olarak diğer ürünlerde de apple ürünlerini kullansamda fiyatı aşırı pahalı gelmişti diğer kulaklıklara nazaran. Fakat gördüm ki, her şeyi mükemmel yapan başka bir kulaklık yok. Birinde ses ve pil çok iyi ama telefon cebinizdeyken kopmalar yapıyor, birinde kopma yok, pil mükemmel ama ses rezalet. Ve bunun kombinasyonları var. En sonunda ürünü aldım ve apple'ın bir kez daha yanıltmadığını gördüm. Ürün gerçekten her şeyi kusursuz yapıyor. Yan odaya çay almaya gittiğimde kopmayan bağlantı, bitmeyen şarj ve gayet yeterli ses kalitesini size sunuyor. Verecek para lüksünüz varsa şüphe etmeden alınız, pişman etmez."
https://www.amazon.com.tr/gp/profile/amzn1.account.AE5MGVHXYILWYJT53GVGDHO6SJFQ/ref=cm_cr_getr_d_gw_btm?ie=UTF8,A. S.,"Ürünü 2020 temmuz gibi aldığımı hatırlıyorum, yorum yazmayı unutmuşum. Ürün güzel, silikon uçlu kulaklık kullanmayı sevmeyen, beceremeyen ben gibileri için birebir. Kulakiçi bir kulaklığın sunması gereken şeyi sağlamakta. Telefonum android olmasına rağmen bu cihazı aldım. (Evet aklınızda soru işareti varsa eğer bluetooth bağlantılı tüm cihazlarla çalışıyor, ufak özellikleri hariç.) Doğal olarak iPad'imle daha iyi çalışmakta. Dışarıda sesi kesen bir cihaz bekliyorsanız, çözüm pro modelde veya silikon uçlu diğer kulakiçi kulaklıklarda. Sesi %100 açtığınızda dışarıya bir miktar ses vermekte, fakat %80 gibi bir ses bana genellikle yeterli oluyor çoğu ortamda. Çok yüksek sesli ortamlarda tamamen sesi açtığınızda dışarıdaki insanların duymayacağını düşünüyorum."
https://www.amazon.com.tr/gp/profile/amzn1.account.AGQ6MOUYTXWCFNJICKJHP4IETCAA/ref=cm_cr_getr_d_gw_btm?ie=UTF8,Selim Gencoglu,"Uzun süre direndim ne gerek var zaten kablolu kulaklığım var..Hatta kafaüstü ANC özellikli bluetooth, genellikle uzun seyahatlerde kullandığım kulaklığım da var diye... Ancak Airpods aldıktan sonra günlük yanımda taşıdığım ve ayıramadığım bir kulaklık oldu. Eğer Apple ürünleri kullanıyorsanız sahip olmanız şart bir aksesuar diye düşünüyorum. Bir kere bir cihazınıza bağlayın, otomatik olarak icloud üzerinden tüm cihazlarınıza tanıtıyor kendini..ve siz sadece işinize odaklanıp, cihazın arka planda çalıştığını bile unutabiliyorsunuz. Günlük tüm görüşmelerimi, araç içi, araç dışı, ofiste rahatça Airpods ile yapıyorum. Şarj süresi oldukça iyi..Üründen çok memnunum. Tavsiye ederim."
https://www.amazon.com.tr/gp/profile/amzn1.account.AFQKC4E66IAT7XUJDDIL4DQTPC4Q/ref=cm_cr_getr_d_gw_btm?ie=UTF8,Pelin,"Amazon farkıyla geçen sene oldukça uygun bir fiyata almıştım fakat alalı bir sene olmadan iki kulaklığın mikrofonu aldıktan 3-4 ay sonra bozuldu, hiçbir sıvıyla teması olmamasına rağmen sevgili apple’ın harika yetkili servisi ürünü garanti kapsamına çıkarmak için böyle bir yol bulmuş. Tamir edilemeyen bir ürün cihazı arızalı kullanmak zorunda bırakıyorlar. Satın almadan önce bu hususlar hakkında bilginiz olsun ve şu an aşırı pahalı, asla tavsiye etmiyorum."
https://www.amazon.com.tr/gp/profile/amzn1.account.AFCI6AD6SLIBKC56YP3YNSYXVQLA/ref=cm_cr_getr_d_gw_btm?ie=UTF8,Meriç Cem Eyyüboğlu,"Ürün ile ilgili satıcının bir hatası yok.Kargolama süreci gayet başarılıydı.Amazon iade de çok başarılı bu 2 konuda olumsuz birşey söyleyemem.Fakat sağ kulaklığın şarjı çabuk bitiyor.Aynı sorun ile başka karşılaşan oldumu bilmiyorum ama 5 haftadır kullanıyorum ve sağ kulaklık şarjı diğerine göre 2 saat erken bitmeye başladı.ilk başlarda aradaki fark %10 idi yani sağ bittiğinde sol tarafta %10 kalıyordu ama şimdi sağ bitiyor ve solda kalan sarj %90-91 bu çok büyük bir fark.İlk ürünü iade ettim Amazondan tekrar aldım fakat aldığım ikinci kulaklıktada aynı sorun var.Web’ten apple destek ile görüştüm.Cihaza resetleme işlemide yaptım fakat değişen birşey olmadı. Bide mikrofon problemi var bunu bir kaç kişiden duydum karşı tarafa ses sağlıklı gitmiyor.Airpods için söylüyorum,Sanırım Apple ürünlerini 100-200 TL fazla ödensede Apple’ın kendi mağazalarından satın almak daha mantıklı.Ben bir daha amazondan bu tarz ürün almayacağım."
https://www.amazon.com.tr/gp/profile/amzn1.account.AFAYTIS4NGFG5VLLXU27KF4LHDFA/ref=cm_cr_getr_d_gw_btm?ie=UTF8,E.,"İşim gereği gün içerisinde çok fazla telefon trafiğim oluyor. Ürün elime ulaştıktan sonra, “Bugüne kadar neden beklemişim” dedim. Kullanımı, ses kalitesi ve sorunsuzluğu ile harika bir cihaz. Kutusundan çıkarıp Bluetooth ayarlarına girdiğim gibi telefonla eşlendi.İki eleştirim olacak- Ürünü 9 Kasım’da satın aldım, 10 Kasım’da elime ulaştı fakat garanti başlangıç tarihi 9 Eylül. Neden 2 ay geriden başladığını anlayamadım.- Normalde kargo paketlerini kağıt doldurularak ürünleri sağlama alan Amazon, bu üründe paketin içine hiç destekleme kağıdı koymamıştı. Ütün kutunun içinde sallana sallana geldi. Teslim aldığımda “bir sorun var mıdır” diye tedirgin oldum. Ancak ürünün kendi kutusu sağlamdı."
https://www.amazon.com.tr/gp/profile/amzn1.account.AHIEB6YPW6OMBBH6WJHCMVTOORSQ/ref=cm_cr_getr_d_gw_btm?ie=UTF8,Muhammet Ertuç,"Öncelikle yoruma Amazon.com.tr ye bir teşekkür ile başlamak istiyorum. Ben de sizin gibi en çok ürünün orjinal olup olmadığından şüphe ediyordum çünkü hem ilk alışverişim olacaktı hem de diğer sitelerden 50-60 tl daha uygun fiyat sunuyor. İçiniz rahat olsun ürün tamamen orjinal. Kargo alışverişimden 3 gün sonra teslim edilecek gözüküyordu fakat aldığım günün ertesi elime ulaştı. Üstelik sizi her aşamada mail ve SMS ile de bilgilendiriyorlar. Ürünün hakkında bilgi vermem gerekirse ürün gerçekten muhteşem. İphone ile uyumluluğunda hiçbir sıkıntı yok. Bağlantı ise muazzam derecede iyi, sıfır kesinti sorunu. Ev içinde bir uçtan öteki uca telefonunuz olmadan, müziğiniz açık bir şekilde kulağınızda kulaklıkla gidebilirsiniz. Yani çok kuvvetli bağlantı gücü var. Fiyatı da burada gerçekten uygun. Orjinal ürün ucuz fiyat hızlı kargo. Daha ne olsun! Gönül rahatlığıyla alabilirsiniz. Ben çok memnun kaldım, umarım sizde kalırsınız."
https://www.amazon.com.tr/gp/profile/amzn1.account.AF3KC3PDBYHK5VPALSZCC26DF5CA/ref=cm_cr_getr_d_gw_btm?ie=UTF8,Django,Piyasadaki klon ürünler yüzünden  korkarak sipariş verdim. Ama amazon farkıyla bu korkumu yenmiş oldum. Kesinlikle orijinal ve amazon çok ilgili bir site. 4 yıldız vermeyi düşündüm ama kulaklıktan ve amazonun ilgisinden memnun olduğum için bunu yapmak istemedim. Yıldız düşürmek isteme sebebim ise garantinin 13 Ekim tarihinde almama rağmen Apple tarafından 27 ağustos olarak başlatılması buradaki sorun tam nedir bilmiyorum ama amazondan kaynaklı olduğunu söylediler. Ama yine de amazon tarafından bana verilen garantinin 2 yıl olduğunu ve kaybettiğim ayları telafi edebileceklerini söylediler. Yani hem amazon hem de apple tarafından garantili bir cihaz aldığınızı unutmayın. Kulaklık kalitesini merak ediyorsanız eğer o konuda harika bir kulaklık olduğunu söyleyebilirim. Şarkıyı dinlerken apple mühendis ve çalışanlarını alkışlamak bile isteyebilirsiniz. Özellikle şu 8D müzikleri denemenizi öneririm :)
https://www.amazon.com.tr/gp/profile/amzn1.account.AE63DDRXFOMRGXZP5CTUOF2PCYWA/ref=cm_cr_getr_d_gw_btm?ie=UTF8,Emre,"Ürün çok hızlı teslim edildi. Kargo şirketi Kolay Gelsin’in adım adım kargonun nerede olduğunu belirtmesi, harita üzerinden takip edilebilmesi; yaklaştığında bilgilendirerek birazdan teslim edeceğini iletmesi güzel bir kullanıcı deneyimi sunuyor.Üründen de memnunum, sadece kulaktan düşme sorunu oluyor ama kulak yapısı ile ilgili bir durum. Bazı arkadaşlarımda da bu sorun olmadı, koşu da bile kullanıyorlar."
https://www.amazon.com.tr/gp/profile/amzn1.account.AEQJRKHIKQMVYBMOXINZD3WQZCVQ/ref=cm_cr_getr_d_gw_btm?ie=UTF8,Taylan,"Hayatımı kolaylaştırdı bu ürün. Artık dışarda gezerken bütün aramalarımı gerçekleştirebiliyorum. Mikrofonun dış sesi kesmesi karşıya ses yollarken çok çok iyi ve rakipsiz. Gecikme yok. Şarj süresini tam test edemedim ama gerçekten o da herkesi tatmin eder diye düşünüyorum.Müzik dinlemek için süper diyemem ama genel kullanımda en iyisi bu kulaklıktır. Sadece müzik dinlemek istiyorsanız başka kulaklıklara bakın, ama benim gibi telefonu kulağa götürmekten nefret ediyorsanız bu mükemmel seçim. Ayrıca artık masaüstü bilgisayarımda da kullanıyorum çok iyi çalışıyor."
https://www.amazon.com.tr/gp/profile/amzn1.account.AG3IOCGZCWR73WFXAFGBHKUNRQMQ/ref=cm_cr_getr_d_gw_btm?ie=UTF8,Batu,"Model numarası: A2032, A2031 bu numaralar kulaklığın üstünde yazar ki buda 2. nesil demek. Sadece kutu kablosuz şarj desteksiz uygun fiyatlı model olması açısından 2017 çıkışlı A1602 model ki kutu gelince üzerinden bu üç numarayı okuyabilirsiniz. Bunların tümüne verilen donanım adı da ""MV7N2TU/A"" yani kulaklıklar 2., kutusu 1. nesil böylece normal bir 2. nesile göre daha uygun ayırca Orjinal Apple'dır. Süper hızlı gönderi"
https://www.amazon.com.tr/gp/profile/amzn1.account.AFNR2KCIHCOLNZ6A2E37S4DNZC3A/ref=cm_cr_getr_d_gw_btm?ie=UTF8,Umut,"Ürün beklenenden erken elime ulaştı.Hızlıca açıp inceledim.Daha öncesinde earpods kullanmış iseniz tasarıma zaten aşinasınızdır.Kulaklığın içinde bulunan H1 çipi gerçekten iyi çalışıyor Apple burda bir alkışı hakediyor.Eğer elinizin altında yeni çıkmış bir Apple cihazı varsa bağlantı çok hızlı oluyor.Android kullanıcıları içinde hızlı bir bağlantı sunan cihaz bunu Bluetooth 5.0 a borçlu.Cihaz ses kalitesi olarak bekleneni karşılıyor.Bir Sony WF-1000XM3 olmasada Apple cihazlar ile güzel bir ses deneyimi sunuyor.Airpods tercih etmemin en büyük sebebi olarak sona bıraktığım konu ergonomi.Cihazı kulak kanalına tıkma gibi bir derdiniz olmadığı için kulağınız ağrımaz, düşme derdi olmaz, kauçuk kısmı pislenmez (çünkü yok). Cihazla alakalı şuanlık tek kötü yorumum kutusunun içinin fazla kirlenmesi o kadar."
https://www.amazon.com.tr/gp/profile/amzn1.account.AFCZQSZBRQDRBXNWNITZKTGPYVGQ/ref=cm_cr_getr_d_gw_btm?ie=UTF8,Amazon Customer,"Bazı yorumlarda 1. nesil gönderdiler yazmışlar. ama kulaklıktaki numarasına Apple'da baktığınızda 2. nesil olduğunu göreceksiniz. Ben çok memnunum. Şarjı uzun süre gidiyor. Tabi kullanıma bağlı..Kulağınızdan hiç çıkarmadan 5-6 saat dayanıyor. Eğer hep şarjını bitirip kutusuna takarsanız da 3-4 kere şarj edebiliyorsunuz. Ben beğendim çünkü bundan önce Xaomi'nin kulaklığını kullandım ve bağlantı sorunu, bağlantıda kopukluk olabiliyordu. Ayrıca başka telefona bağlanma sorunu bile yaşamıştım. Ama Apple AirPods'da bu sorunu hiç yaşamıyorum. Teşekkürler.."
https://www.amazon.com.tr/gp/profile/amzn1.account.AERDMM2ECN6OAKS4CVQWE7O3LGGA/ref=cm_cr_getr_d_gw_btm?ie=UTF8,Mehmet Damar,"Fiyat performans açısından en iyi ürün olmayabilir ama kulağınızda hissetmiyorsunuz sesi çok kaliteli bass lar için aynısı söylemem fakat ben çok beğendim, gece uyurken üstüne yatmak bile sorun olmuyor. Amazon çok kaliteli bir yer sonradan gelmelerine rağmen Türkiye'nin diğer ucuna 2 günde ulaştırıyor olmaları işlerini gerçekten ciddiye alıyorlar tek alışveriş yaptığım yer oldu burası."
https://www.amazon.com.tr/gp/profile/amzn1.account.AGRFNF64URPSMXAW6MHHGDBMKQ7Q/ref=cm_cr_getr_d_gw_btm?ie=UTF8,Rachel Green,Kardeşim ürünün hemen eline geçmesini istediği için burdan sipariş verdik ve 13 saatte geldi. Kulaklık çok güzel ve kullanması çok rahat. Ayrıca 1.nesil değil 2.nesil.
https://www.amazon.com.tr/gp/profile/amzn1.account.AGE6WXEAB7CTMY4JHZVYGSMIFN6A/ref=cm_cr_getr_d_gw_btm?ie=UTF8,Tüten Ezgi GEZERLİ,"Ben de alırken kablolu/kablosuz farkını bilmediğim için yanlış ürün gönderildiğini düşündüm ama iPhone yetkili servisten kontrol ettirdiğimde ürünün 2. Nesil olduğunu teyit ettim. Kulağı çok iyi kavramasa da ( bana hep düşecekmiş gibi geliyor ) kablolu kulaklık belasından çekip aldı adeta, çok rahat, ses kalitesi de iyi, tek kulaklıkla telefon görüşmesinden pek verim alamıyorum, sesimin karşı tarafa gitmediğini çok duydum ve kullanımımın üzerinden henüz 2 ay geçmiş olmasına rağmen sol kulaklık bağlanmıyor ve ses vermiyor, hiçbir darbe, düşme vb zararlara maruz kalmamasına rağmen sol kulaklık çalışmıyor, servise götürdüğümde umarım sonuç alabilirim"
https://www.amazon.com.tr/gp/profile/amzn1.account.AG2QVF4KBXRXEDOYRSMRVXUT2K4A/ref=cm_cr_getr_d_gw_btm?ie=UTF8,Ö,"2010dan beri apple kulaklık deneyimim oldu, ergonomik olarak tam oturuyor rahatsız etmiyor. Ön siparişle 3. nesil airpods almıştım ancak 2. nesilden daha büyük olması rahatsızlık veriyordu ayrıca 3. nesilde bir cızırtı sorunu var bu yüzden iade ettim. Tekrar 2. nesil aldım satıcı amazon olduğu için rahatlıkla aldım, daha ucuza diğer satıcılardan almaktansa güvendiğim satıcıdan almayı tercih ederim."
https://www.amazon.com.tr/gp/profile/amzn1.account.AEYVYHGNYAOONWSMDOXHYMNZBLTA/ref=cm_cr_getr_d_gw_btm?ie=UTF8,Gamze,"öncelikle hızlı teslimat için teşekkürler ürünü cumartesi aldım arada pazar olmasına rağmen pazartesi öğlen teslim aldım. airpods kulaklık 2. nesil fakat kutu 1. nesil yani şarj ışığı içinde ama bunun çok bir önemi yok zaten şarj durumunu telefonunuzda da görebiliyorsunuz. ses kalitesi de gayet iyi apple earpodslardan bi tık daha kaliteli buldum. dışarıya ses vermiyor, kulaktan düşmüyor, bluetooth bağlantısını çok hızlı yapıyor hiç eşleştirmeye vs uğraşmıyorsunuz (macbook ve iphone ile), şarj ömrü çok güzel uzun gidiyor zaten kulaklıklar kutudan şarj olduğu için kutuyu tam şarj ettiğinizde 1 haftadan uzun süre kullanılabileceğini düşünüyorum."
https://www.amazon.com.tr/gp/profile/amzn1.account.AEOEPKSDKXXUGECVMWLGOLQUCNQQ/ref=cm_cr_getr_d_gw_btm?ie=UTF8,Amazon Customer,Yorumlara bakarak az daha iptal edecektim ürünü ama etmemişim çok şükür öncelikle 24 saat olmadan kargo elime ulaştı kolay gelsin ailesine teşekkür ederim ürüne gelirsek 2.nesil gayet güzel ürün kullanıyorum şuan için kesin birşey diyemem ama Apple dan bahsedersekte mükemmel diyebiliriz ürün inş güzel çıkar
https://www.amazon.com.tr/gp/profile/amzn1.account.AGBXFDW2JT4VEE6PEF6YGF2WJBTQ/ref=cm_cr_getr_d_gw_btm?ie=UTF8,Ozan,"Cihaz elime ulaştı. Kullanımı güzel ve kaliteli bir ürün. Fakat şunu belirteyim bir çok kişinin aklı karışmış. Cihaz 2. nesil, ben de ilk geldiğinde 1. Nesil sandım fakat seri numarasını apple sitesinde kontrol ettim. Kutuda kablosuz şarj özelliği olmadığı için 1. nesil ile fiziksel olarak şarj kutusu farkı yok. 2. nesile ait özellikleri test ettim ""hey siri"" gibi ve bir sorun yok güzel çalışıyor.Alırken kablosuz şarj özelliği olmasını isteyenler bunu göz önünde bulundurarak alsın."
https://www.amazon.com.tr/gp/profile/amzn1.account.AH4ZMRHMQUXKQK4NL3MOAODQ7SDA/ref=cm_cr_getr_d_gw_btm?ie=UTF8,YUSUF YIGIT TURAL,"Selamlar. İlk önce süpercopy denen birebir aynı replikaları kullanmıştım. Tabi orjinal ile aralarında dağlar kadar fark var. Kesinlikte fiyatını hakediyor. 840 TL Aldım amazon satıcısından. Ürünü %85 telefon görüşmelerim için, %15'de müzik felan dinlemek için kullanıyorum. O kadar fazla telefon görüşmesine rağmen şarjı çok iyi gidiyor. Sesler çok kuvvetli ve mikrofonuda gayet stabil. Karşı taraf her 
