URL,Name,Column 3
https://www.amazon.com.tr/gp/profile/amzn1.account.AGBHRFSRN4UHKCKDHWQGBJYUK2KQ/ref=cm_cr_getr_d_gw_btm?ie=UTF8,İrem,"Yorumlara bakarak satın aldım. AirPods 3 ile ilgili şunu söyleyebilirim.: daha önceden 1. nesil kullanıyordum. İlk çıktığında almıştım. Çok uzun zaman olduğu için pil ömrünü tamamlamıştı ve şarjı çok çabuk bitiyordu. Bu yüzden yeni bir AirPods ihtiyacım oldu. 2. Ve 3. nesil arasında çok arada kaldım. Kulağıma uyumaz, düşer diye 3. nesil alma konusunda çok tereddütte olmama rağmen aldım. Yaklaşık 4 saattir kulağımda ve asla düşme yapmadı. Fakat kulağım ağrıttı. Zamanla alışacağımı düşünüyorum çünkü birinci nesil aldığımda da kulağımda uzun süre tuttuğunda hafif bir ağrı olmuştu.Onun haricinde ses kalitesi olarak çok büyük bir fark hissedemedim. Yani 2. nesil de tercih edilebilir. Fiyat farkı daha fazla olsaydı 2. nesil tercih ederdim. Ama daha yeni diye 3. nesli tercih ettim.Orijinallik konusuna gelecek olursak. Seri numarası 10 haneli olduğu için Apple‘ı aradığımda 12 haneli olması gerektiğini ve Orjinal olmadığını söylediler. 3 4 farklı temsilciye Bağlanmam sonucunda on haneli seri numarasının da olabileceği söylendi. Seri numarasını Apple‘da sorgulattığımda böyle bir ürün yok diye çıktı. Ancak bilgisayardan sorgulattığımda en sonunda bulabildim. Ama hala kafam karışık. Fatura ürünle beraber gelmiyor. Ancak Amazon siparişlerim bölümüne bilgisayardan girdiğinizde PDF olarak çıkıyor.prime üyeliği sayesinde kargo elime 14 saat gibi çok kısa bir sürede ulaştı. Kargodan çok memnun kaldım. Ürünün de Orjinal olduğunu düşünmek istiyorum. Çalışması ya da teknikle alakalı herhangi bir problem kesinlikle yok.Evime yakın olsa Apple‘a götürüp sorgulatacağım fakat yakın değil. Buradan satın almış olup orijinalliğini teyit ettirebilen varsa yorum olarak yazabilirse çok sevinirim.Güncelleme: Ürünü alalı 1 hafta oldu. Şarjı baya gidiyor. Kulağımda ağrı da yapmıyor. Fakat arada düzeltiyorum çünkü düşecek gibi oluyor.Garantisi Apple sisteminde görünmüyor. Faturamı ve ürünün fotolarını ilettim. Apple ile görüştüm ve dönüş yapacaklarını söylediler. Bekliyorum.Aklı olan 300 lira kar edicem diye düşünmesin ve kendi sitesinden alsın diyorum.Güncelleme: Apple destekle büyük uğraşlarım sonucu problemi çözdüm ve şu an 2 yıl garantili olarak sistemde görünüyor. Ama Türkiye değil Amerikadaki yetkililer yardımcı olabildi. Orjinallikle alakalı bir problem olduğunu düşünmüyorum.Kulaklarım da artık acımıyor. Kulaklığa alıştı. Sadece büyüklüğünden dolayı arada düzeltme ihtiyacı hissediyorum ama hiç düşmedi.2 AYDIR KULLANIYORUM, ŞARJI ÇOK İYİ GİDİYOR, KULAĞIMDAN HİÇ DÜŞMEDİ, ACITMIYOR, SPORDA DA ÇOK RAHAT. GAYET MEMNUNUM. NO PROBLEM"
https://www.amazon.com.tr/gp/profile/amzn1.account.AGPVD3B6GDCY2ETDXLJB5O34NNPQ/ref=cm_cr_getr_d_gw_btm?ie=UTF8,Amazon Customer,"1.nesil ve 2. nesil AirPods kullanan biri olarak, sırf uçları silikonlu olduğu için Pro modelini almadım. Bu model resmen tam istediğimiz gibi oldu. Kullanım süresi 2.nesil ve Pro'dan çok daha iyi, uzamsal ses opsiyonu kesinlikle denenmesi gereken özellik. 2.nesilde yaşadığım kulağa taktığımızda tanımama sorunu bu modelde, ten algılama sensörü ile tamamen çözülmüş. Bütçeniz uygunsa düşünmeden bu modeli tercih edin pişman olmazsınız. Titiz paketleme ve ertesi gün teslimat için teşekkür ederim."
https://www.amazon.com.tr/gp/profile/amzn1.account.AFDQRIWZM434IHRKLAKFJGVNOMWQ/ref=cm_cr_getr_d_gw_btm?ie=UTF8,MEST06,"Öncelikle expres kargo seçeneğini seçtiğim için kargom 1 günde geldi kargoya diyecek hiçbir şey yok bu konuda başarılılar. Ürüne gelecek olursak kulaklıkların içinde bulunduğu şarj kutusunda , (sıfır kutuyu kendim açmış olmama rağmen ) çizikler vardı. Bu konuyu dert etmedim fakat şarj cihazının şarjı gece %50 iken hiç kullanmamama rağmen sabah %17 ye düşmüştü oysaki 3. Nesil airpods hızlı şarjı ve şarj süresiyle öne çıkan bir üründü (uzamsal ses hariç , ona diyecek bir şey yok gayet iyi) bu problemlerden sonra ürünün seri numarasını Apple’ın sayfası üzerinden tarattım ve geçersiz seri numarası hatası aldım. Defalarda denedikten sonra apple ile görüştüm be bir daha denememi söylediler sonraki deneyişimde ürün gözüktü ürün orijinalmiş problem yok ama her apple tr ürününde olan 2 yıl garanti süresi bu cihaz da bitmiş gözüküyordu sonrasında gürgençler apple’a götürdüm cihazı seri numarasına baktıklarında ürünün yurtdışı olduğunu söylediler ve iade etmemin en sağlıklısı olacağı kanısına vardık. bunca sorundan dolayı iade etmeye karar verdim ve amazon en hızlı seçeneğin değişim olduğunu söyleyince şansımı bir kez daha denemek istedim 2 gün önce kusurlu ürünü kargoya verip amazona yolladım ve yeni ürünün cidden sıfır çiziksiz türkiye seri numaralı ve sistemde garantisiyle birlikte görünür olmasını ümit ederek bekliyorum… amazon kalitesine diyecek bir şey cidden yok. Çok hızlı geri dönüşleri müşteri temsilcileri vs. Harika işler yapıyorlar ama müşteriler olarak bu tarz problemleri amazon tarafından yaşamak bizleri üzüyor…"
https://www.amazon.com.tr/gp/profile/amzn1.account.AENLL3DBIJJIFSLVKDV2AFUHM53A/ref=cm_cr_getr_d_gw_btm?ie=UTF8,Muharrem,"Airpods' un seri numarasını apple üzerinden sorguladığınızda hata alırsanız(satın alma tarihinizi bulamadık gibi) ve airpods' unuzu apple cihazınıza bağladığınızda garanti süresini 24 aydan daha az görürseniz kesinlikle paniğe kapılmayın. Merak etmeyin size kullanılmış cihaz gelmedi. Eğer airpods'unuzu satıcı olarak amazon.com.tr'den aldıysanız ve kutunun emniyet kağıtlarını ilk defa siz yırtarak açıyorsanız paniğe kapılmanıza gerek yok.Yukarıdaki sıkıntıları yaşıyorsanız yapmanız gerekenler adım adım şu şekilde:1)Amazon.com.tr -> Siparişlerim kısmına girerek airpods siparişinizin e-faturasını pdf olarak bilgisayarınıza indirip hazırda tutun.2)İsterseniz direkt olarak apple' ı arayın ya da onlar beni arasın derseniz apple.com üzerinden veya iphone'unuzdan airpods ile ilgili ""beni ara"" randevusu oluşturun.3)Apple ile telefonda görüşürken ürününüzü amazon.com.tr üzerinden aldığınızı ve seri numarası ile sorgulama yaptığınızda garanti süresini göremediğinizi belirtin. Ayrıca airpods faturanızın pdf formatında hazırda olduğunu belirtirseniz işiniz çok hızlı ilerler.4)Bu bilgileri verdikten sonra görüşme devam ederken apple çalışanı sizin apple'daki kayıtlı mail adresinize bir mail gönderecek. Mail içerisindeki linkle tıkladığınızda apple'ın kendi sitesine pdf e-faturanızı yükleyebileceksiniz.5)Faturayı yükledikten sonra hızlı bir şekilde apple çalışanı bilgilerinizi kontrol edip bu durumun düzeltilmesi için apple' ın irlanda ofisini sizinle birlikte arayacak eğer ingilizceniz varsa siz kendiniz görüşebilir veya apple çalışanı sizin için arada tercümanlık yapabilir bu tamamen sizin tercihinize kalmış. Ben ingilizcem olduğu halde apple çalışanı ile birlikte bağlandım.6)Görüşme sırasında irlanda ofisinden cihazınızın seri numarasını ve faturanızın üzerindeki yazan tarihi teyit alacaklar. Apple çalışanı bunu sizin için tercüme edecek merak etmeyin. Hiç ingilizce bilmenize gerek yok.7)Teyit işleminden sonra garanti sürenizin güncellenmesi 5 gün civarı sürebilir şeklinde bilgi verilecek. Fakat ben telefonu kapatana kadar tarih çoktan güncellenmişti.İşlemler bu kadar.Okurken size çok uzun bir süre gibi gelebilir ama bu işlemleri benim dediğim gibi hazırlıklı yaparsanız 30 dakikalık iş. Bu problemi ilk yaşadığımda internet fazla bilgi olmadığı için araştırma yaptım. 09.05.2022 tarihinde sipariş ettiğim airpods' un apple üzerinden garantini sorgulayıp hata alınca ve daha sonra ve airpodsları telefona bağladığımda garantinin 04.03.2022 tarihinde yani ben almadan 2 ay önce başladığını görünce biraz panik olmadım değil. Bu durumu biraz araştırınca kesin olmamakla birlikte apple' ın kendisi haricindeki firmalara ürünleri verirken firmaların depolarına ürün girdiği tarihten itibaren garantiyi başlattığı bu yüzden garantinin kullanımda olduğu bilgisini gördüm. Bu bilgi ne kadar doğrudur bilemem fakat benim açımdan ürünle ilgili herhangi bir sıkıntı kalmadı. Sıfır ürünü kutudan çıkardım, iphone ile eşleştirdim, kutu üzerindeki seri no ile iphone' umda eşleştirdiğimdeki seri no aynı ve apple ile görüşerek garanti süresinide düzelttirdim.Eğer benim yaşadığım durumu yaşarsanız umarım bu bilgiler sizin için yararlı olur. Güle güle kullanın."
https://www.amazon.com.tr/gp/profile/amzn1.account.AEVQE43BN3EI3L77W7QGGXDZDPSQ/ref=cm_cr_getr_d_gw_btm?ie=UTF8,Tuğçe Atış,"3 yıl boyunca 2. Nesil kullandım şimdi 3. Nesile geçtim. 2.nesil narin yapısı gereği kulaktan kesinlikle düşmüyordu ve hafifti, üstüne işaret parmağıyla dokunarak çok rahat cevaplama vs yapılıyordu fakat 3. Nesilde iki parmakla uç kısmı sıkmak gerekiyor. Kulağa takılan kısım büyütülmüş ve ağırlaşmış bu nedenle kafamızı yana yatırdığımızda kulaktan düşüyor. 2. Nesil 1 kez bile kulağımdan düşmedi.2. Nesildeki gibi tek parmakla üzerine tıklama yerine uç kısmı 2 parmakla sıkmak gerekiyor buda bir eksi olmuş. Bilseydim kesinlikle almaz yeniden 2. Nesil alırdım."
https://www.amazon.com.tr/gp/profile/amzn1.account.AF535NDRNSVP5J4OLTK52B23ZYRA/ref=cm_cr_getr_d_gw_btm?ie=UTF8,Tuna,"2. Nesil ve pro modelini kullanmadım, pro versiyonuna göre daha estetik, 2. Nesile göre ise daha küçük olduğu için kulağa tam oturuyor ve inanılmaz hafif. Ses kalitesi günlük işler, film ve müzik için çok çok yeterli. Fiyat aralığı sebebiyle pro ve 3. Nesil arasında kalmıştım lakin slikonlu kulaklık kulağımı ağrıtıyor, terletiyor ve tıkanmış hissinden rahatsız oluyorum. Gürültü engellemeyi çok çok aramadığım için bu modeli tercih ettim. Mikrofon kalitesini facetime ve normal arama ile denedim arkadaşlarım berrak geldiğini söyledi. Kafamı kulaklığın düşmesini sağlamak için baya salladım lakin saçma bir şekilde kıpırdamadı bile yarım günlük deneyimim bu şekilde"
https://www.amazon.com.tr/gp/profile/amzn1.account.AHLQHU4EWVM4XNIIDIKYIOBZGI7Q/ref=cm_cr_getr_d_gw_btm?ie=UTF8,Mehmet,Uzanımsal ses deneyimi için bile alınır. Farklı bir hissiyatı var çok begendim. Ses kaliteside uzanımsal sesi açtığınızda bariz değişiyor. Konuşmalar gayet iyi ve net .Apple cihazınız yoksa android için almanıza değmez çünkü kulaklık bir anda 200 tl lik kulaklıklara dönüşüyor. Apple cihazı olmayanlara önermem.
https://www.amazon.com.tr/gp/profile/amzn1.account.AGR4Q4R4WFXIIVMQSO4TT6CZSVGQ/ref=cm_cr_getr_d_gw_btm?ie=UTF8,Esra Çelebi,Yeni satın aldım. Her şey güzel seri numarasından orjinalliğini neden sorgulayamıyorum merak ediyorum. Seri numarası orjinal değilmiş gibi gösteriyor.
https://www.amazon.com.tr/gp/profile/amzn1.account.AFCI6AD6SLIBKC56YP3YNSYXVQLA/ref=cm_cr_getr_d_gw_btm?ie=UTF8,Meriç Cem Eyyüboğlu,Amozanun kargosuna teslimatına veya geri iadesine diyecek birşeyim yok.Lakin ürünler hep kusurlu almayın.Ben ilk airpods 2. Nesil aldım sıkıntı çıktı.İade ettim tekrar aldım yine sıkıntı çıktı.Onuda iade ettim üstüne fark verip 3.nesil aldım bu kulaklıkta sıkıntılı çıktı. 2.nesillerde 2 kulaklık aparatınıda eş zamanlı kullanmış olsanda şarjları arasında çok fark vardı.Biri diğerinden yarım saat erken bitiyordu.3.Nesilde bu fark o kadar çok değil fakat gece kulaklıkları kutuda şarja koyuyorum sabah kalkıyorum şarj olmamış.Kapağı açıp düzeltiryorum bişeler yapıyorum %100 oluyor ama ertesi gün yine aynı.Apple ‘ın kendi mağazasından alınanlarda böylemidir bilmiyorum ama ben artık amazondan elektronik ürün almıyacağım.Not: neden iade ettikten sonra başka yerdrn almadınki diyebilirsiniz.Hata yapıp iadeyi cüzdana istedim.Cüzdana istenen iadeler nakit olarak iade olmuyor.Yine amazondan alışveriş yapmak zorunda kalıyorsun.Sakın o hataya düşmeyin
https://www.amazon.com.tr/gp/profile/amzn1.account.AGD5NQBLOINV6QN4FDKVPAE4FV2A/ref=cm_cr_getr_d_gw_btm?ie=UTF8,GÖKHAN KEKEÇ,Ürünü iki gün önce Pazar günü saat 16:00 gibi sipariş ettim ve bir sonraki sabah saat 09:54'de Bağcılar'da bulunan iş yeri adresime dahası Prime kargo hizmeti olmaksızın hızlı bir şekilde teslim edildi. Apple site üzerinden garanti süresini de seri numarası ile kontrol ettim ve hiç bir sorun çıkmadı. Özellikle bu konuda sorun olduğu hususunda yapılan yorumlar kafamı karıştırmıştı ancak sonunda Amazon kalitesine güvenmeye devam ettim ve siparişi verdim çünkü daha önce değişik tarihlerde 2 adet cep telefonu almıştım ve onlarda da sorun yaşamadım kesinlikle. Son olarak cihazı 2 gündür kullanıyorum ve ilk izlenimim olumlu. Ses kaliteli ve ergonomisi iyi. Sadece gülerken sol kulağımdaki airpod düşecek gibi oldu ve refleksle tuttum. ama iyi oturuyor genel anlamda ve sorun çıkacak gibi gözükmüyor.
https://www.amazon.com.tr/gp/profile/amzn1.account.AGW4724I6F5ZHM7YGUR6N33GC7RA/ref=cm_cr_getr_d_gw_btm?ie=UTF8,Faruk G.,Önce silikonsuz olmasından dolayı 2 korkum vardı. Kulağımdan düşer mi ? Bass performansı çok mu düşük olur ? diye.1- Tabiiki kulaktan kulağa değişir ama benim kulağıma gayet oturdu. Kulaktan düşmüyor ve inanılmaz derecede hafif ve havadar.2- Yok böyle bi ses. Bakın abartmıyorum ben ki bi çok kulaklığı denemiş bi insanım. Yanyana koyup hepsini sırayla denedim. Açık ara en temiz sesi bu verdi. Üstelik silikon olmamasına rağmen muazzam bi bass mecvut. Diğer bass kulaklıklar gibi bassı vurup sesi boğmuyor. Ses hem çok temiz hem de çok tatlı bi bass var.
https://www.amazon.com.tr/gp/profile/amzn1.account.AFGRU5WTBX6MLOHQIVMUVQC6MLZA/ref=cm_cr_getr_d_gw_btm?ie=UTF8,Arif ÇEKEN,Kulaklık gerçekten kaliteli ve güzel fakat kulağımı inanılmaz ağrıttı ve dışarıdan çok ses alıyor. Bazı konuşmalarda ortam sesinden dolayı karşıdaki kişi çok rahatsız olduğunu söylüyor. Sırf bu sebepten dolayı iade etmek istiyorum.Amazon para iademi gerçekleştirdi. Bu denli kurumsal bir firma olmanızdan çok etkiledim. Uzun zamandır Amazon'dan alışveriş yapıyorum ve çok şükür henüz olumsuz bir durumla karşılaşmadım. Umarım bu çizginizden hiç şaşmazsınız.
https://www.amazon.com.tr/gp/profile/amzn1.account.AGW24S5S246ZHB6ENA67YXAFP67A/ref=cm_cr_getr_d_gw_btm?ie=UTF8,Erkan,"Yaklaşık 2.5 yıldır aralıksız Airpods 2 kullanıyorum. 2. nesilin mikrofon kalitesinin biraz düşük olması ve 3.nesilde ses kalitesinin iyileşmesi sebepli sipariş ettim ancak maalesef kulağımda durmadı.Sabit şekilde müzik dinlerken vs. iyi ancak telefonla konuşurken vs. sağ kulaklık ne yaparsam yapayım bir süre sonra düşüyor.Haricinde bağlantı hızı, ses kalitesi ve uzamsal ses mükemmel ötesi. Ancak iade yapıp yeniden 2.nesil sipariş etmek zorunda kaldım."
https://www.amazon.com.tr/gp/profile/amzn1.account.AHYLG3RT5CRUQDT223JUACJSNVRQ/ref=cm_cr_getr_d_gw_btm?ie=UTF8,Amazon Customer,"Daha önce birçok farklı markanın bluetooth kulaklığını denemiş ve İlk kez airpods kullanan biri olarak ürünü gerçekten çok başarılı buldum. Daha önce başka kulaklıklarla dinlediğim bazı şarkılarda, hiç duymadığım sesleri duyuyor olmak şarkıyı ilk kez dinliyormuş hissini yarattı. Kulak içi kulaklıklar rahatsız ettiği ve dış dünya ile bağı tamamen kestiği için pro yerine yeni çıkan bu modelini tercih ettim. Spor salonunda kullanıyorum, koşu bandı ve eliptik bisiklette kullanım konusunda herhangi bir sorun yaşamadım. Salondaki sesleri (müzik, alet sesi vs.) arka planda duyuyorsunuz bunu belirtmeliyim. Kulaklığı taktığımda Dünya ile bağınızın kopmasını istiyorsanız 3. Nesilden uzak durmanızda fayda var. Şarj konusuna gelecek olursak, kutusundan çıkardığımda şarjı %84 idi. 1 haftadır kullanıyorum hala şarjı bitmedi, şarj konusunda beklentimin üstünde diyebilirim."
https://www.amazon.com.tr/gp/profile/amzn1.account.AE3X4FZVUHWOXOEEL4L7ARSB6LRA/ref=cm_cr_getr_d_gw_btm?ie=UTF8,Amazoncustomer,"Ben kulağa giren kulaklıkları kullanamadığım için özellikle AirPods 3. Nesil tercih ettim. Aldığım günden beri büyük memnuniyetle kullandığım bir cihaz oldu. Hem şarjı yeterince gidiyor, hem özellikle spatial audio ile iyi bir ses deneyimi sağlıyor, hem de cihazlar arasında sorunsuz geçiyor. Kulaktan düşer endişesiyle almıştım, ama hiç sorun yaşamadım, tabii ki bu benim kulak yapımla da alakalı olabilir. Amazon’dan alınan AirPods’ın garantisi Apple’da görünmeyebiliyor. Bu durumda da Apple yardım servisini ararsanız hemen yardım edip fatura tarihinize göre tanımlayarak yardımcı oluyorlar. İki aydan uzun süredir kullanıyorum, tavsiye ederim."
https://www.amazon.com.tr/gp/profile/amzn1.account.AELKDKWKKOMKK2BITMI5YD65KP2A/ref=cm_cr_getr_d_gw_btm?ie=UTF8,Gökalp Mutafcılar,"Airpods 2’den farkını, film seyrederken daha iyi anlıyorsunuz. Bas kalitesi de kesinlikle daha iyi. Amazon’un hızlı gönderimine, zaten söylenecek söz yok."
https://www.amazon.com.tr/gp/profile/amzn1.account.AEWPICUOYUFMAFCQYRZ4SOTMNVZA/ref=cm_cr_getr_d_gw_btm?ie=UTF8,BURAK,"Merhabalar, öncelikle yorumlara bakarak tereddütte kaldığım garanti ve fatura olayları bnde olmadı. Başlıkta da belirttiğim gibi herhangi bir sorun ile karşılaşmadım.Kulaklık ile ilgili genel değerlendirmeye gelecek olursam; Kulaklığı birkaç gündür konuşma, müzik dinleme, canlı ortam özelliklerini çokça test etme şansı bulabildim. Ayrıca telefon(iphone) ile bağlanma konusunda çok başarılı. Konuşma kısmında maskeli gürültülü ortamlarda herhangi bir sorun yaşamadım ve sesimin gayet iyi şekilde duyulduğunu belirtildi. Müzik dinleme de ise kulakiçi gibi bir silikon olmamasına rağmen benim ihtiyaçlarımı -sesin berraklığı, bas ve tizlerin sorunsuz olması- karşıladı. Ayrıca belirttiğim gibi canlı ortam özelliğini aldıktan sonra farkettim ve inanılmaz başarılı buldum. Ekonomik durumunuz elverişli ise almanızı tavsiye ederim. Teşekkürler Amazon :)"
https://www.amazon.com.tr/gp/profile/amzn1.account.AEZBX6YXLFSWINBXBT4VOBP5TLTQ/ref=cm_cr_getr_d_gw_btm?ie=UTF8,Emre,Ses kalitesi gerçekten güzel ve ses seviyesi gayet tatmin edici. Uzun saatler kulağımda takılı oluyor bir saatten sonra ağrı yapıyor ne yazık ki. Arama cevaplama sesli kontrol iyi çalışıyor ama elle cevaplama kısmında kulaklığın alt ucunu iki parmakla sıkmak gerekiyor biraz değişik gelmiş çok pratik olduğunu söyleyemem eski nesillerdeki tek parmakla üzerine tıklayarak açmak çok daha rahattı. Bağlantı kopması veya senkronize de hiç hata vermiyor mikrofon kalitesi çok aşırı gürültülü olmayan ortamlar hariç sesi çok iyi iletiyor. Normalde garanti ürün satışı ile başlar ama ben bağladığımda 2 ay öncesinde mart ayından başlattı.
https://www.amazon.com.tr/gp/profile/amzn1.account.AFQTC77KQHNZP2ZHKUB6VXJYQHTQ/ref=cm_cr_getr_d_gw_btm?ie=UTF8,civilking,Kulak içine çok ii şekilde oturuyor düşme yada çıkma tehlikesi hiç yaşamadım. Ses ve uzamsal kafa izleme özellikleri çok ii ayrıca çok hafif Siri ile çok düzgün çalışıyor her işinizi kolaylaştırıyor. Batarya konusunda bir problem gözükmedi ve kaç gün dayanabiliyor henüz bilmiyorum ama uzun gideceği kesin. Herkese tavsiye ederim
https://www.amazon.com.tr/gp/profile/amzn1.account.AFWMK566M77FTQHQ5JLZNF4CEGAA/ref=cm_cr_getr_d_gw_btm?ie=UTF8,umut tıkır,"Ürün 1 gün içinde kapıma ulaştı. Apple tarafından garantili bir ürün, ürünü satın aldığınızda cihaz sınırlı garantili görünebilir fatura göndermeniz halinde Apple Destek sorunu çözüyor. AirPods 2’den geçiş yapıyorum bugün ürünü sahilde koşarken deneyimledim kafa hareketiyle sizi müziğin merkezinde tutması güzel. Silikonlu olmadığı için kulağımı da acıtmadı. Tavsiye ederim."
https://www.amazon.com.tr/gp/profile/amzn1.account.AHKMVWQBQGEMX4EMMIJNPP3EA4TQ/ref=cm_cr_getr_d_gw_btm?ie=UTF8,Okan,"Daha önce 2 sene airpods 2. Nesil kullandım ve inanılmaz memnun kaldım.Bu ürünler kulak içi silikonlu kulaklıklar gibi sizi hayattan koparmıyor.Mac iPhone ve ipad kullanıcısı olarak cihazlar arasındaki geçişleri inanılmaz stabil,apple ekosistemi için kesinlikle alınır fakat android kullanıcılarına pek önermiyorum.2 puanı ise kulaklık ergonomisinin 2. nesil kadar iyi olmamasından dolayı kırdım.2.nesilde sabahtan akşama kadar kulağınızda kalsa rahatsız olmuyordunuz fakat 3. nesilde bariz bir şekilde kulak ağrıtıyor.2. nesil o yüzden hâlâ çok iyi bir ürün aradaki fiyat farkına değdiğini düşünmüyorum."
https://www.amazon.com.tr/gp/profile/amzn1.account.AHJRLJAU2EE72XYS5RJ3Z3OOIBNQ/ref=cm_cr_getr_d_gw_btm?ie=UTF8,Yusuf,Uzun bir araştırma sonucu airpods 3'de karar kıldım. Videolardaki izlediğiniz inceleme videolardan daha iyi ses ve mikrofon kalitesi mevcut bunu söyleyebilirim. Bass kalitesi bu ufak kulaklığa göre gerçekten çok iyi. Bütçeniz el veriyor ise düşünmeden alabilirsiniz.
https://www.amazon.com.tr/gp/profile/amzn1.account.AEWHWK5S24BOXJXYVDVAXN4TQHCA/ref=cm_cr_getr_d_gw_btm?ie=UTF8,Damla,"Amazon teslimat konusunda kendisini aşmış gerçekten. 24 saat geçmeden teslim aldım ürünü.Kulaklığın kalitesine de diyecek söz yok. Diger bir cok ozelligi onceki yorumlarda yaziyor. Samsung marka wireless ozellikli powerbank ile wireless sarj oluyor, ben de bunu ekleyeyim. Bu baya hosuma gitti. Bunun disinda, kutusundan çıkar çıkmaz iphone ile eşleşti. Uzamsal ses ozelligi muazzam, hareket halinde olsaniz dahi muzikten aldiginiz keyif degismiyor. Kisacasi aldigima hic pisman olmadigim mukemmel bir cihaz oldu. Sporda deneyimledim kulaktan dusme de yapmiyor, cok keyifli."
https://www.amazon.com.tr/gp/profile/amzn1.account.AGFWDGCMZZWEZWPZDB5FMSP7EGSQ/ref=cm_cr_getr_d_gw_btm?ie=UTF8,Amazon Customer,"Kulaklık malum, ses kalitesi tahminimden iyi. Apple kullanıcı kolaylığı malum. Prime ile gece sipariş sabah teslimat. Seri no garanti süresi vb bir sorun yok."
https://www.amazon.com.tr/gp/profile/amzn1.account.AFLGIFVBQKUIRUEQJPUAJH5ZPLGA/ref=cm_cr_getr_d_gw_btm?ie=UTF8,Uğur SUSUR,"Cihazın kurulumunu yaptıktan sonra Apple Destek uygulamasından cihaz hakkında ki tüm detayları öğrenebilirsiniz. Bir çok yorum gördüm seri numarası doğru değil diye, bu kesinlikle yanlış. Cihazınızın seri numarasını herhangi bir yere yazmanıza gerek yok, kulaklığınızı telefonunuz ile eşleştirin ve Apple Destek uygulamasından detayları kontrol edin, ardından kulaklık kutusunun üstünde ki seri numarası ile karşılaştırın, hepsi bu kadar. 🤙🏻Özenli, güvenli ve hızlı gönderim için Amazon’a teşekkür ederim. 💎🙏🏻"
https://www.amazon.com.tr/gp/profile/amzn1.account.AGYKGC37IYK32N5BPASSHIOZA6FQ/ref=cm_cr_getr_d_gw_btm?ie=UTF8,Doğukan,Kurlardan dolayı ne kadar pahalı olsada kalitesi bir başka. Kulaklığın entegresi uzamsal sesi kusursuz çalışıyor. Basslar ve tizleri bu kadar net ayırt ederek veren bir kulaklık uzun süredir kullanmamıştım. Amazon kalitesi ile 13 saatte teslim edildi. Teşekkürler Amazon.
https://www.amazon.com.tr/gp/profile/amzn1.account.AHKVSBY5T3OWCBE2YO6HYPJKW2UQ/ref=cm_cr_getr_d_gw_btm?ie=UTF8,Süleyman doğru,Uzamsal ses hissiyatı gerçekten deneyimlenmesi gereken bir özellik müzik her yerde konser gibi diyebilirim.Kulaklıklığın ses kalitesi 2. nesilden bence çok daha güzel kafa izleniyor özelliği kafa haraketlerine göre sesin yoğunluğunu o yöne veriyor dans vs aktivitede bulunanlar için heralde pro için bütçesi yetmeyenlere ideal bir ürün ve şarjı baya iyi 2. Nesille kıyaslarsak3/4 gün sonra cızırtı ve seslerin boğuk gelmesi sebebiyle değişime gönderdim bekliyorumAmazon kalitesi sıfır ürünüm elime geldi teşekkürler
https://www.amazon.com.tr/gp/profile/amzn1.account.AH5L4ZW5T4XOHAC2B5KI66UZDFBQ/ref=cm_cr_getr_d_gw_btm?ie=UTF8,sena bozkır,"Buradaki bazı yorumları (kulaktan düştüğüne dair) göz ardı ederek yine de aldım. Kulağımdan sürekli düşüyordu ve strese giriyordum düşmesin diye hareket etmemeye çalışıyodum fakat sonra dedim kendime bu kadar para ödüyorum bunu çekmek zoruda değilim diye. İade ettim umarım kabul olur iadem. Uzamsal ses mükemmel, ses kalitesi harika ama maalesef kulakta durmuyor. Airpods pro alıcam."
https://www.amazon.com.tr/gp/profile/amzn1.account.AEQ6HXXP5V7PKAKYXLFS342NKTAQ/ref=cm_cr_getr_d_gw_btm?ie=UTF8,Yİ,Çok isteyerek aldım. 2-3 gün deneyimledim. Ancak her ikisi de hareket halinde olmadığım halde kulağımdan düştü ya da düşmemesi için sürekli düzeltmek durumunda kaldım. Bu sebeple iade ettim. Uygun bir modelini bulmayı umuyorum.
https://www.amazon.com.tr/gp/profile/amzn1.account.AEVCNOKTA23VGPEZFJ6WJPFLHM3A/ref=cm_cr_getr_d_gw_btm?ie=UTF8,Haldun SAYI,"Ürün tasarımı, ses kalitesi, şarj durumu gibi özellikler iyileştirilmiş. Lakin kulaktan düşme ihtimali çok yüksek. 1-2 kez normal kullanımda (yürüyüş halinde ve ofiste çalışırken) kaydığını hissedip yakaladım. Ama bir koşuşturma esnasında yakalamam mümkün olmayabilirdi. 2.nesil çok daha iyi ve güvenli bir cihaz. Alacakların dikkatine. İade talep edeceğim :/"
https://www.amazon.com.tr/gp/profile/amzn1.account.AG5YITO67HJCBYVPN2EVFKM36FXA/ref=cm_cr_getr_d_gw_btm?ie=UTF8,İbrahim Eren YILDIZ,"Paketleme güzeldi ve hızlı geldi, amazonun hızlı teslimatına yorum yapmaya gerek yok zaten :) Kulaklıkların ses kalitesi ve yüksekliği çok iyi düzeyde. İlk kez bu tip kulaklıklardan kullanıyorum ve cidden büyük bir nimet. Uzamsal ses gerçekten muhteşem. Şarj konusunda daha bişey diyemem ama biraz hızlı gidiyo gibime geldi yine de bi kaç günü zorlar gibi duruyo ilerleyen zamanlarda yazarım. İçinden type-c to lightning kablosu çıkıyo, o da bi artı"
https://www.amazon.com.tr/gp/profile/amzn1.account.AFAADWGDAOAN7IUMHKT4WSIVJGXQ/ref=cm_cr_getr_d_gw_btm?ie=UTF8,Mert,"Her zamanki gibi apple kalitesi. Oldulça performanslı özellikle bassları çok kaliteli, akustik müziklerde ki o gitar tınısını, rock müziklerdeki o elektro gitarın sesini oldukça net duyabiliyorsunuz. Çok başarılı ve tabii ki amazon kalitesi, çok hızlı gönderdiler teşekkür ediyorum :)"
https://www.amazon.com.tr/gp/profile/amzn1.account.AE435CSRUMKBKWB3EH5O5XZNDMFQ/ref=cm_cr_getr_d_gw_btm?ie=UTF8,muhammed,"Merhabalar , dün ürünüm geldi. Bugun , garantisi süresine baktım. 12/22 gösteriyor , Apple aradım gönderilen kulaklık ile , seri kod Farklı olduğu iÇin bana geçen sene kaydedilen bir ürün gönderilmiş. Böyle bir hata Amazon’da kabul edilemez. DurumSanırım son alışverişim."
https://www.amazon.com.tr/gp/profile/amzn1.account.AFE3SPD6FPQYYG5ZVVCLIBEDIF6A/ref=cm_cr_getr_d_gw_btm?ie=UTF8,CreaLogis,Ürün herşeyi ile güzel bazen telefon görüşmelerimde görüştüğüm kişiler çok fazla dışardan ses geldiğini söylesede şuan memnunum en kötü ihtimal le apple a gidip değişim sağlarım sorun çözülür :)
https://www.amazon.com.tr/gp/profile/amzn1.account.AG42PIZNGVXIDRFLTG5RWIQQG3NA/ref=cm_cr_getr_d_gw_btm?ie=UTF8,Erdihan Turak,"Ürün tasarım narinlik ve minimalist bi tasarıma sahip ancak biraz fazla kulağı doldurduğundan uzun süreli kullanımlarda kulağı ağrıtabiliyor.Çevresel ses teknolojisini film izlerken deneyimledim kendimi sinemada ghissettim cidden.Kargoya gelirsek hayatımda gördüğüm müthiş bir kargo deneyimiydi gerek destek gerek geri bildirim,takip müthişti.Genel olarak kulaklık alınır."
https://www.amazon.com.tr/gp/profile/amzn1.account.AFLKISFS57KYVHUKORK5X37K62PA/ref=cm_cr_getr_d_gw_btm?ie=UTF8,Onurhan avşar,Amazon deposundan almama rağmen Gelen ürün seri numarası ve fatura seri numarası farklı çıktı. Ürün seri no apple sorgulama yaptığımda kapsam süresi doldu diyor.
https://www.amazon.com.tr/gp/profile/amzn1.account.AG74OOTB762NKYMO2QRDIQNHKBLA/ref=cm_cr_getr_d_gw_btm?ie=UTF8,Ale,"Erkek arkadasima sevgililer gunu hediyesi olarak aldim prime ile ertesi gun sabah teslimat gerceklestie. Cok sevdi, cok kullanıslı telefon haricinde pc vs de baglanıyor. Cihaz süper. Fatura bunun gibi rakamı yüksek alışverislerce hemem olusturulup gonderilmesi lazım ama fatura henuz gelmedi max 72 saatte geliyormus bakalım gelmesse musteri hizmetlerini arayacağım. Gönül rahatlıgı ıle kendinize veya hediye alabilirsiniz."
https://www.amazon.com.tr/gp/profile/amzn1.account.AGU2IHGOLJ5SIIQQW2PYLSMQDTNA/ref=cm_cr_getr_d_gw_btm?ie=UTF8,Sertel Tanta,"Ürün orijinal ve 2 yıl garantili. Apple, Amazon'dan satış onayı beklemeden garanti başlatıyor bu sebeble garanti başlamış ve 1 yılmış gibi gözüküyor. Faturayla apple'a başvurduğunuzda 2 yıl olarak satın alma tarihinden itibaren güncellendi. Kalite olarak çok iyi. Yalnızca apple ekosisteminde kullanacaksanız alın, yoksa 10 dolarlık kulaklıklardan farksız."
https://www.amazon.com.tr/gp/profile/amzn1.account.AEOPTTDNTLGUBAYW7MK7AYFQIHIA/ref=cm_cr_getr_d_gw_btm?ie=UTF8,Muzaffer Çekmez,"Merhaba, Hızlı teslimat için tşkler. Alırken çok tereddüt ettim, acaba kulağımdan düşer mi rahatsız eder mi diye ancak bir gün kullandım, hiç bir sorun ile karşılaşmadım, hatta düşsün diye caba bile harcadım ancak düşmedi, Tek sorun ben android telefon da kullanıyorum dokunma özellikleri kullanmıyorum ve batarya ömrünü artık tahmin yada dandik yazılımlarla takip edecez."
https://www.amazon.com.tr/gp/profile/amzn1.account.AHAVQSDPBBYJYGV53EG55TLQ3EJQ/ref=cm_cr_getr_d_gw_btm?ie=UTF8,Enes,"Beklediğimden çok daha iyi, yüksek ve kaliteli sesi var. Neredeyse tüm gün kulağımda hiç rahatsız etmiyor. Daha önce JBL Tune T220 TWS ve Sony whch 710N kulaklıkları kullandım rahatlıkla söyleyebilirim ki ikisinden de kat kat daha iyi. Bildirim okuma özelliği toplu taşıma gibi yerlerde çok kullanışlı."
https://www.amazon.com.tr/gp/profile/amzn1.account.AFTVOED2LI62RAWOO2H3NI52E4JA/ref=cm_cr_getr_d_gw_btm?ie=UTF8,N K,Daha önce 2. nesil kullanıyordum ve kulağa oturması çok başarılıydı. 3. nesilde ise özellikle sol kulağıma tam oturmadı ve güvenli hissettirmedi. Maalesef ki iade ettim.Ses kalitesi olarak çok da üstün bulmadım.
https://www.amazon.com.tr/gp/profile/amzn1.account.AFCICAU3JCYXUYPXLP3DKXKDPRGQ/ref=cm_cr_getr_d_gw_btm?ie=UTF8,Okan,2. Nesilden 3. Nesile geçtim uzamsal ses olayı güzel kulakta daha şık duruyor fiyatı da gayet uygun ses kalitesi de gayet başarılı 2. Nesilden daha kaliteli ses veriyor gibi geldi bana
https://www.amazon.com.tr/gp/profile/amzn1.account.AGJGH2GGSY6JI5MBQ7M2MOJPIJEQ/ref=cm_cr_getr_d_gw_btm?ie=UTF8,Aykut,"Uzamsal ses kalitesi, apple ürünleri ile uyum hızı çok başarılı. Fakat tasarım benim kulağıma  uymadı, sürekli düşme eğiliminde idi. 1. Ve 2. Nesil kullandım ve bu şekil bir şikayetim hiç olmamıştı. Konuştukça kulak hareketleri ile dışa doğru hareket ediyordu. 15-20 gün kullandım fakat iade etmek zorunda kaldım."
https://www.amazon.com.tr/gp/profile/amzn1.account.AE5W2VYBIFGZQ4RCY4WW7BZDBTNA/ref=cm_cr_getr_d_gw_btm?ie=UTF8,Mehmet çetiner,Ürünün daha kutusunu açmadım hediye olduğu için garantisi 49 gün önce başlamış ve yanında faturası vs yok. 72 saat sonra siparişlerim kısmından görünecekmiş sanırım. Ürünün üzerindeki seri numarası da farklı çıkarsa şaşırmayacağım.Edit: sağ kulaklık sürekli cızıdıyor değişim talebinde bulunduk maalesef.
https://www.amazon.com.tr/gp/profile/amzn1.account.AFEOLENC2MVL463I6WKJY5NIBQVQ/ref=cm_cr_getr_d_gw_btm?ie=UTF8,Onur levent inalsü,"Konuşma sırasında kopma ,kulağımda ağrı ve gelen aramalarda sesin karşıya gitmemesi gibi sorunlar yaşadım.Abartıldığı gibi kaliteli olmadığını düşünüyorum.Muzik içinde telefon ile konuşmak içinde tekrar almam.İade gönderdim."
https://www.amazon.com.tr/gp/profile/amzn1.account.AHS3LXYIN5EAFJDOV7LKZZOU6OEQ/ref=cm_cr_getr_d_gw_btm?ie=UTF8,Seçkin Yılmaz,Ses kalitesi beklediğim kadar değil. Ses daha yüksek olabilirdi. Diğer özellikleri gayet kullanışlı
https://www.amazon.com.tr/gp/profile/amzn1.account.AFAWKDK2PNM6PDSED44OGOES7P3A/ref=cm_cr_getr_d_gw_btm?ie=UTF8,Başar,"Ürünü zaten bilen biliyor, Apple kalitesi yine konuşmuş. Burada Amazon’un muhteşemliğine değinmek istiyorum. Bu şirket gerçekten en iyisi! Kargo ertesi gün elimdeydi ve paketleme harikaydı. Gerçekten güvenilirlik ve müşteri memnuniyeti bu firmanın temel prensibi"
https://www.amazon.com.tr/gp/profile/amzn1.account.AELGG3N4U45QZMXJXD5342MDWRAA/ref=cm_cr_getr_d_gw_btm?ie=UTF8,Merve,Ürün elime ulaştığında garantisi 1.5 ay öncesinde başlamış bir şekilde ulaştı.Bu durumdan menun değilim.Umarım en kısa sürede yetkili biri benimle iletişime geçer.Bir de kargolama özensizdi içinde köpük airped falan da yoktu.Güvenim sarsıldı amazon.
https://www.amazon.com.tr/gp/profile/amzn1.account.AGG52ZMYZIMX3DZNFVPHFFHSAYUQ/ref=cm_cr_getr_d_gw_btm?ie=UTF8,Mazlum Doğan Bilici,Ses kalitesi kulakta duruşu bağlantı hızı kullanışı hepsi tek kelimeyle harika. Artan kur farkından dolayı fiyatı biraz pahalı olsa da İPhone kullananların mutlaka tercih etmesi gereken bir kulaklık.
https://www.amazon.com.tr/gp/profile/amzn1.account.AEK4IV5QL66WZL6AC7DQNLTAYA4A/ref=cm_cr_getr_d_gw_btm?ie=UTF8,mehmet fatih karaman,"vircok marka kulaklik denedim, ozellikle konusma sirasinda ses cok guzel geliyor"
https://www.amazon.com.tr/gp/profile/amzn1.account.AE4YJD7LBCE6OVE3RROHUUWCB3LQ/ref=cm_cr_getr_d_gw_btm?ie=UTF8,a.m.k,"2. nesilden sonra bass şar oldukça iyi ama kontroller 2. nesildeki gibi olsa daha iyi olurdu. Amazon prime cidden çok iyi,"
https://www.amazon.com.tr/gp/profile/amzn1.account.AHHGGSRQQD5L2UYJNYEO7YNN7WFQ/ref=cm_cr_getr_d_gw_btm?ie=UTF8,Mcbilal,Gerçekten kaliteli. Hem müzikte hem konuşmada
https://www.amazon.com.tr/gp/profile/amzn1.account.AFLUGXYNXJJL7ZSEAC34WQGTQ6RA/ref=cm_cr_getr_d_gw_btm?ie=UTF8,Ali Tunçöz,Apple kalitesi ve Amazon hızı ile Akşam sipariş verdim sabah elimdeydi.
https://www.amazon.com.tr/gp/profile/amzn1.account.AE7PIPII7ID3FBLCRZ72VV226U5A/ref=cm_cr_getr_d_gw_btm?ie=UTF8,Orçun,"Eş zamanlı olarak 2.nesil de aldım ancak ondaki performans ve kalite hissiyatı bunda yoktu, iade sürecini başlattım. 2.nesille devam ediyorum."
https://www.amazon.com.tr/gp/profile/amzn1.account.AHMIZRPZ6GIM3BQOHKSTKM2Z3TYQ/ref=cm_cr_getr_d_gw_btm?ie=UTF8,Kadir S,"Kulakta ağrı yapmıyor, ses kalitesi fark edilir derecede iyi. Spor yaparkende kullanıyorum kesinlikle düşme gibi şeyler olmadı.orijinalliğinden şüpheniz olmasın zaten amazon farkı ile."
https://www.amazon.com.tr/gp/profile/amzn1.account.AHA4SSCVQU7YSTP23YDMTS37XZXQ/ref=cm_cr_getr_d_gw_btm?ie=UTF8,Cüneyt Mert ileri,"2. Nesilden, 3. Nesile geçtim. Ses kalitesi üst düzey, şık, ergonomik. Tavsiye ederim."
https://www.amazon.com.tr/gp/profile/amzn1.account.AE5DJZR3NO5LN4QG7VAPKFB66T5A/ref=cm_cr_getr_d_gw_btm?ie=UTF8,AVNİ,Ses bas ve uzamsal ses kalitesi muhteşem. Kulaktan düşme ve  rahatsız etme gibi bir durumu olmadı. Bazı kulaklıklar kullandıkça acı ve rahatsızlık verir bu cihazda öle bişey yok.
https://www.amazon.com.tr/gp/profile/amzn1.account.AGPFOWZ7LQD3M63G7SA5ZUYXCXZA/ref=cm_cr_getr_d_gw_btm?ie=UTF8,Selim,Ürün gayet iyi 2.nesile göre küçük kulağa tam oturuyor şarj süresi gayet iyi sürekli kullanımda 3 günde şarja takıyorum aralıklı olarak kullanırsam 10 gün gidiyor şarjı.
https://www.amazon.com.tr/gp/profile/amzn1.account.AEJFYU7X53JTBBC2HRT5Y2NA57TQ/ref=cm_cr_getr_d_gw_btm?ie=UTF8,Berk Gergin,İlk günüm ürünle ama gerçekten çok güzel. Hızlı kargo ile geldiği için daha da güzel. Teşekkürler Apple ve Amazon :)
https://www.amazon.com.tr/gp/profile/amzn1.account.AHWD4MVSFQDNXXG5CFHAA4LV6NSA/ref=cm_cr_getr_d_gw_btm?ie=UTF8,Kürşat,mükemmel
https://www.amazon.com.tr/gp/profile/amzn1.account.AFVOKJSMUCS563NKXRVNKUOGXFQA/ref=cm_cr_getr_d_gw_btm?ie=UTF8,Erdem's AirPods,Kulağa tam oturuyor. Ses kalitesi ve iphone/macbook uyumu harika. Özelikle ekosistemdeyseniz alternatiflere bakmadan tercih ediniz. 2.nesilden daha küçük ve AirPods pro'daki silikon başlıklar yok.
https://www.amazon.com.tr/gp/profile/amzn1.account.AH34RD2F2KKH7O7J7ESSFJ4V3FXA/ref=cm_cr_getr_d_gw_btm?ie=UTF8,Erdi Kuvvetli,ÜRÜNDE GARANTİS SÜRESİ 01.04.2022 ALMAMA RAĞMEN 24.12.2022 GÖRÜNÜYOR SEBEBİ NEDİR ?
https://www.amazon.com.tr/gp/profile/amzn1.account.AES2JF5LWAYTCKCKUJTLEOOPFQSQ/ref=cm_cr_getr_d_gw_btm?ie=UTF8,Burak,"Sipariş verdim Hemen geldi,  orjinal tesettür etmeden güvenle alışveriş yapabilirsiniz, ayrıca 3 nesil tartışmasız hem şık hem de çok kullanışlı tavsiye ederim."
https://www.amazon.com.tr/gp/profile/amzn1.account.AHEBJ3B7OMVXRUE5YBZYAPAVNALA/ref=cm_cr_getr_d_gw_btm?ie=UTF8,Özgür Karamanlı,Her zaman ki gibi amazon hızlı gönderi ile geldi. Hem galaxy note 20 ultra hem de iPhone 12 ile kullanıyorum. Gayet yeterli bir ürün.
https://www.amazon.com.tr/gp/profile/amzn1.account.AEDQB5PU5J5GEWL3DEPO2RTP6ZWA/ref=cm_cr_getr_d_gw_btm?ie=UTF8,azad öztürk,Belirtilen özellikler mevcut buna lafım yok ama kulaklık kesinlikle kulakta durmuyor sürekli düşecekmiş hissi mevcut ve bu diğer tüm özellikleri etkisiz kılıyor maalesef.
https://www.amazon.com.tr/gp/profile/amzn1.account.AHHE6IN5MYTFQDRH2AXDHO7THCCQ/ref=cm_cr_getr_d_gw_btm?ie=UTF8,Ata,Uzamsal ses gayet keyifli. İkinci nesil ile kıyas yaparsak ses kalitesi bana çok daha iyi geldi. Amazon’dan almak ayrıcalıktır bunu da belirtmek isterim.
https://www.amazon.com.tr/gp/profile/amzn1.account.AFMYRPCWSVEHPUCMQDR23C3WWSUQ/ref=cm_cr_getr_d_gw_btm?ie=UTF8,Amazon Customer,Telefonla uyumu çok güzel. Kullanımı ve alışması rahat. Ancak benim kulağım özelinde de olabilir kullanırken çok düşecekmiş gibi idi.
https://www.amazon.com.tr/gp/profile/amzn1.account.AE4S3LVJDFWSHCSGOLWS6KD6A6VQ/ref=cm_cr_getr_d_gw_btm?ie=UTF8,TUNCAY ARSLAN,1 gün içinde ulaştı. Seri numarasını sorguladığımda ekstra bir işlem gerektirmeden orijinal olduğunu teyit ettim. Memnun kaldım.
https://www.amazon.com.tr/gp/profile/amzn1.account.AEK6TKZ56BEYIWTTARNTR367QBRA/ref=cm_cr_getr_d_gw_btm?ie=UTF8,Sevket Simsek,Uzun kullanımda kulakları acıtıyor Ses kalitesi iPhone ile uyumu mükemmel ama
https://www.amazon.com.tr/gp/profile/amzn1.account.AGDUVERII2ZTDW6ROJCJRUELSCOA/ref=cm_cr_getr_d_gw_btm?ie=UTF8,C.E.,Şimdiye kadar kablolu kulaklık kullanan biri olarak muhteşem kolaylık. Ses kalitesi kullanımı oldukça iyi. Amazon teslimatı da çok hızlıydı. Kesinlikle tavsiye ederim.
https://www.amazon.com.tr/gp/profile/amzn1.account.AED43ULCMSWYTIMD2AK6C4OWPSTA/ref=cm_cr_getr_d_gw_btm?ie=UTF8,Muammer Aydin,Ses kalitesinin 2.nesilden daha iyi olduğunu düşünüyorum. Pro ve bunun arasında kaldım ancak silikon sevmediğim için 3.nesli tercih ettim.
https://www.amazon.com.tr/gp/profile/amzn1.account.AGKHKGDIRIRUOF7YBZ54HAHMBBXQ/ref=cm_cr_getr_d_gw_btm?ie=UTF8,Ebru Bıyık,Pazar akşam sipariş verdim pazartesi sabah elime ulaştı bravo gerçekten. İmei sorgulattım herhangi bir sorun yok. Çok memnun kaldım.
https://www.amazon.com.tr/gp/profile/amzn1.account.AFY57C4BGWQTFCCY5AUEIOL2TIJA/ref=cm_cr_getr_d_gw_btm?ie=UTF8,sercan,Harika kulaklık. İlk başta kuvvet sensörü bozuk sandım fakat biraz sert basmak gerekiyormuş yapamayanlara umarım yardımı olur
https://www.amazon.com.tr/gp/profile/amzn1.account.AFC4NSLGZTP4MGGBL6LDGWQQHIEA/ref=cm_cr_getr_d_gw_btm?ie=UTF8,ahmet,Bütçenize göre alabileceğiniz en iyi ürün kulak uygunluğu ses kalitesi çok iyi
https://www.amazon.com.tr/gp/profile/amzn1.account.AF5UX7A6YGTBHUODPFFOPX3LXZFA/ref=cm_cr_getr_d_gw_btm?ie=UTF8,Yprk18,çok güzel apple kalitesi tamamen . Orjinal olup olmadığını anlayamamıştım tedirgin aldım ama iyi ki almışım . Süper !
https://www.amazon.com.tr/gp/profile/amzn1.account.AGK6JSSUA4FY5OWD3OF4GQJMA67Q/ref=cm_cr_getr_d_gw_btm?ie=UTF8,Ali Rıza,Almadan önce Jbl 510BT kullanıyordum. Artık ona elimi sürmüyorum. Ses kalitesinin bu kadar kaliteli olacağı hiç tahmin etmiyordum.
https://www.amazon.com.tr/gp/profile/amzn1.account.AHHCUZPZ7YNMPK4FZDL52KDKNWQA/ref=cm_cr_getr_d_gw_btm?ie=UTF8,Ali YILDIRIM,"Ses kalitesi çok iyi, kulağıma tam oturdu ürün çok hızlı geldi kargo şirketinden memnunum 2 yıl garanti süreli"
https://www.amazon.com.tr/gp/profile/amzn1.account.AGBF5CFQUZVW4WK75K3V3RCDVRRA/ref=cm_cr_getr_d_gw_btm?ie=UTF8,Kutluğhan yiğit,Normalde yorum yazan bir insan değilim fakat bu ne hız böyle. hafta sonuna kadar gelir mi diye düşündüğüm ürün 14-15 saatte elimde oldu.
https://www.amazon.com.tr/gp/profile/amzn1.account.AFHCNMGEQF5OUKCRNESQLGZGHLHA/ref=cm_cr_getr_d_gw_btm?ie=UTF8,Selim Kocaman,hiç airpodsum yoktu 3.nesili almam bence iyi oldu uzamsal ses özelliği harika 2 güne elime ulaştı teşekkürler
https://www.amazon.com.tr/gp/profile/amzn1.account.AE4YLQNW6YSOJJBO7HYZIBU6YC5Q/ref=cm_cr_getr_d_gw_btm?ie=UTF8,Humeyra Demir,Ürünün hem kendi kalitesi hem ses kalitesi gayet iyi. Özellikleri de çok güzel. Kesinlikle öneririm
https://www.amazon.com.tr/gp/profile/amzn1.account.AEURCOVNIZS4GMDNLETOB4IINIXQ/ref=cm_cr_getr_d_gw_btm?ie=UTF8,Bilal,Ürün orjinal ilk günlerde seri numarası hatası verir garantisi yok gibi gözükürse korkmanıza gerek yok sonradan düzeliyo.
https://www.amazon.com.tr/gp/profile/amzn1.account.AFMWKT2LI3MFTE5SILUEPW2QJ3BQ/ref=cm_cr_getr_d_gw_btm?ie=UTF8,İsa Nergiz,Elime yada mail adresime fatura ulaşmadı onun haricinde paketleme ve ürün iyi orjinal ürün
https://www.amazon.com.tr/gp/profile/amzn1.account.AHA4EGOFN45EWVP6ZUMD525SGV6A/ref=cm_cr_getr_d_gw_btm?ie=UTF8,n**** y****,fazlasıyla iyi
https://www.amazon.com.tr/gp/profile/amzn1.account.AFFVX7OIREZJ5ER7SDO4R6DS7MAA/ref=cm_cr_getr_d_gw_btm?ie=UTF8,Ugur Bozova,ANC olmaması kötü
https://www.amazon.com.tr/gp/profile/amzn1.account.AE3IFMKDM525AKRXMA7D5Q5OU6JQ/ref=cm_cr_getr_d_gw_btm?ie=UTF8,orhun,Hayat standartlarım yükseldi. Bu neymiş ya
https://www.amazon.com.tr/gp/profile/amzn1.account.AGLHZG5DOFPJIT7DXCJF34JXS57A/ref=cm_cr_getr_d_gw_btm?ie=UTF8,Betül,Kulaklıklardan birinden çok rahatsız edici bir cızırtı geliyor ürünün değişimini istedim
https://www.amazon.com.tr/gp/profile/amzn1.account.AE6A4DJAURYN2PHEF52OLE2MR37A/ref=cm_cr_getr_d_gw_btm?ie=UTF8,Ali Akyildiz,"1 günde teslim, 2 yıl türkiye garantili"
https://www.amazon.com.tr/gp/profile/amzn1.account.AEM5T3QBSLT6GCCMIRAKFB7PILYA/ref=cm_cr_getr_d_gw_btm?ie=UTF8,Gorkem,fatura yok ve seri no yazınca apple’da garantili gözükmüyor.
https://www.amazon.com.tr/gp/profile/amzn1.account.AHJHR2LX2NW64GGBHANXQ775B54Q/ref=cm_cr_getr_d_gw_btm?ie=UTF8,Mehmet kaman,Hızlı teslimat orjinal ürün Amazon kalitesi
https://www.amazon.com.tr/gp/profile/amzn1.account.AHTQARW2PCYZ6EA2KKIX532XVGIQ/ref=cm_cr_getr_d_gw_btm?ie=UTF8,Umut Can Süral,Bilinen Apple kalitesi gayet iyi.
https://www.amazon.com.tr/gp/profile/amzn1.account.AHCHHRFLSS5BWQCGWR2BQKEZA2JQ/ref=cm_cr_getr_d_gw_btm?ie=UTF8,S. k.,"Ürün airpods 2 ye göre gelişmiş, tercihiniz bu olsun"
https://www.amazon.com.tr/gp/profile/amzn1.account.AFGQMMMKGFHMU5UY6ESNVTP3M6ZQ/ref=cm_cr_getr_d_gw_btm?ie=UTF8,Amazon Customer,Teşekkürler
https://www.amazon.com.tr/gp/profile/amzn1.account.AE62EGVUIPRNNUYS5HBGCCIQPLLA/ref=cm_cr_getr_d_gw_btm?ie=UTF8,Ahmet ünlü,Faturam nerde ???
https://www.amazon.com.tr/gp/profile/amzn1.account.AFOLYPLL2V4TLX4ITGGBQT5NC4WA/ref=cm_cr_getr_d_gw_btm?ie=UTF8,Servet savaşman,Çok iyi bir kulaklık
https://www.amazon.com.tr/gp/profile/amzn1.account.AFM3PK5XDVU5NELOK3KUIU22OSRQ/ref=cm_cr_getr_d_gw_btm?ie=UTF8,Kayra,Tavsiye ederim.
https://www.amazon.com.tr/gp/profile/amzn1.account.AEAW5ZXTWUYGNRUHCDLN5MF2DQUQ/ref=cm_cr_getr_d_gw_btm?ie=UTF8,umut,güzel
https://www.amazon.com.tr/gp/profile/amzn1.account.AFJT5AXXVGXLOPHDUFPLJKGM3XOQ/ref=cm_cr_getr_d_gw_btm?ie=UTF8,Adnan Demirel,Ürün garantisi nedir? Apple garantili mi?
https://www.amazon.com.tr/gp/profile/amzn1.account.AFWSSJH4PPPD7HJ43R6LCCYMGMRA/ref=cm_cr_getr_d_gw_btm?ie=UTF8,H. S.,Ürün sapasağlam bir şekilde geldi. Ürünün garantisi için apple ile iletişime geçmem gerekti ama fatura ibrazı ile sorun çözdük. Ürün için de kulağımdan düşme riski vs durumu olmadı. Birkaç gündür kullanıyorum ve daha kutusunu sarj etmem gerekmedi. Şarjı beni gerçekten şaşırttı çok iyi gerçekten
https://www.amazon.com.tr/gp/profile/amzn1.account.AFRHIZ2WZ54GH7ZXB5AKPZ4WIVAQ/ref=cm_cr_getr_d_gw_btm?ie=UTF8,Alican Pinar,"Ses kalitesi aman aman degil ama ozelikle telefon konusmalari oldukca keyifli bataryası uzun gidiyor, arada sarj etmeyi unutmuyorum da degil.Daha iyi ses kalitesi icin airpods max, ama mobilite uzun kullanim sureleri rahat konusmalar icin bu ideal"
https://www.amazon.com.tr/gp/profile/amzn1.account.AGO3ASEFQSCQ6NM4KL5HJA6UWZBQ/ref=cm_cr_getr_d_gw_btm?ie=UTF8,kullanıcı,ürün orijinal benim gibi slikonsuz kulaklık kullanıyorsanız hem müzik hem telefon konuşması için gayet ideal bir ürün. airpods max müzik için daha iyi ancak fiyat olarak biraz fazla bizim ülkemizde.
https://www.amazon.com.tr/gp/profile/amzn1.account.AHE5ET2I7PIFLBG3G27Q6CO2KOMA/ref=cm_cr_getr_d_gw_btm?ie=UTF8,Levent,"Paketleme güzeldi, orijinal lisanslı apple ürünü, garantisi henüz başlamamıştı ( daha önce kullanılmamış ürün) ses kalitesinden son derece memnun kaldım, 20w adaptör ile çok hızlı şarj oluyor. Kulaktan düşme gibi bir sorun ile karşılaşacağımı düşünmüyorum güzel oturuyor kulak içine."
https://www.amazon.com.tr/gp/profile/amzn1.account.AHOFRJPRWGUURL6BPAYBSKVDVNJQ/ref=cm_cr_getr_d_gw_btm?ie=UTF8,cenk,Urun kucuk gayet kullanisli bunca zaman neden almamisim diye kendime kiziyorum.
https://www.amazon.com.tr/gp/profile/amzn1.account.AEUEBG4ULAJRA5GF6XATTPJMTQFA/ref=cm_cr_getr_d_gw_btm?ie=UTF8,Mustafa ercek,Kulak içi olmayıp onun kadar iyi performansı var. Uzamsal ses harika.Gayet memnun kaldım.
https://www.amazon.com.tr/gp/profile/amzn1.account.AGYNLQGYRT7YLDZ4XS4ZXN7JJ76A/ref=cm_cr_getr_d_gw_btm?ie=UTF8,Gox,mükemmel ürün
https://www.amazon.com.tr/gp/profile/amzn1.account.AEGVROBZJVZ63SZVDDMWCN2XNIGQ/ref=cm_cr_getr_d_gw_btm?ie=UTF8,Murat şeker,Çok iyi
https://www.amazon.com.tr/gp/profile/amzn1.account.AGK6DK3FR6ISKL4PLBIKBWLCYYKQ/ref=cm_cr_getr_d_gw_btm?ie=UTF8,Berkem Akyürekli,"Ürün orjinal, Apple Türkiye garantili."
https://www.amazon.com.tr/gp/profile/amzn1.account.AFDWTQSSIZGXADDGLX7FYJH33XOA/ref=cm_cr_getr_d_gw_btm?ie=UTF8,Yasin Karadeniz,Ürün 10 Numara beş yıldız teslimat Amazon farkıyla muazzam teşekkürlerYalnız paketin içinde fatura bulunmamakta idiFatura gelicek mi?
https://www.amazon.com.tr/gp/profile/amzn1.account.AFANYWY2XUGNGZG7YIDJBMGGH2QQ/ref=cm_cr_getr_d_gw_btm?ie=UTF8,Muhammed,"Alırken aklımda soru işaretleri vardı -kulaktan düşebiliyor falan diye yorumlar okumuştum- ama bana tam oldu. Kulaklıklar kulağınızı tam sarıyor. Düşmesi neredeyse imkansız, bence siz de buna takılmayın. Müzik keyfi gerçekten inanılmaz. Daha önce Qcy t7 modelini kullanıyordum ve sesim karşı tarafa çok az gidiyordu, karşı taraftan uyarı alıyordum hep sesiniz çok az geliyor diye. Ama bu başka bir dünya arkadaşlar. Bu tür basit sorunlar airpods 3'te yok. Ses çok iyi bir şekilde karşı tarafa iletiliyor. Eski kulaklığımdan buna geçince resmen çağ atladım. Ürün özellikleri arasında uzamsal ses desteği var deniyordu ama cidden bu kadar müzik kalitesini ve deneyimini artıran bişe olduğunu kullanınca anladım. Basları da muhteşem çıkıyor. Airpods pro ya gelince ben gün boyu kulağımı ağrıtmadan kulağımda durabilen bir kulaklığı tercih ettim arkadaşlar. Airpods un Pro su benim kulağımda bir saat bile dursa acıtıyor. O yüzden ben Airpods 3'ü tercih ettim. Kulaklıkların şarjı çok iyi gidiyor. Fiyat performans mı derseniz değil arkadaşlar ama tam bir ekosistem ürünü gerçekten. Siri vasıtasıyla kulaklıklar kulağımdayken gelen mesajların kimden geldiğini söylemesi ve mesajı okuması benim karşı tarafa cevabımı kulaklık üzerinden yanıtlamam ve anında gönderilmesi gibi çok güzel ayrıntılar da var :) Kısacası bir iphone sahibi iseniz yeterli bütçeniz de varsa gidip farklı kulaklıklara yönelmenin anlamı yok cidden. Amazon üzerinden bu ilk siparişimdi. Gerçekten kargolama hızlarına ve paketleyip gönderme hızlarına hayran kaldım. Bu ne hız gerçekten takdire şayan. Diğer e-ticaret siteleriyle aralarında hız anlamında bariz fark varmış bunu anladım. Bundan sonra favorim sensin Amazon. Çok teşekkürler..."
https://www.amazon.com.tr/gp/profile/amzn1.account.AEJ3JMDRTZKZOOONK5LAMT2WEVNA/ref=cm_cr_getr_d_gw_btm?ie=UTF8,ismail c.,süper
https://www.amazon.com.tr/gp/profile/amzn1.account.AFABS3UO4DERUQ7YI5MPBEX52NYA/ref=cm_cr_getr_d_gw_btm?ie=UTF8,Amazon Customer,Ürünün garantisi Amazon’ un deposuna girdiği an başlamış. Apple Destek’ teki müşteri temsilcisi ile İrlanda daki diğer bir temsilci yardımıyla garanti süresini değiştirmiştim. İndirime girdiği an tercih edilebilir. Garantinin erken başlaması ve tarihin güncellenmesi hususunda Apple destek yardımcı oluyor. Satın alırken satıcının Amazon olmasına dikkat edin.
https://www.amazon.com.tr/gp/profile/amzn1.account.AE2NDMRANTKGL5XMGAPVAI3JH3QA/ref=cm_cr_getr_d_gw_btm?ie=UTF8,Olgu aydın,Bundan önce airpods 2 kullandım kısa bir süre ama yeteri kadarda denedim alacak arkadaşlar benimde yaptığım gibi yorumlara bakarak karar veriyorlar o yüzden deneyimlerimi paylaşma ihtitacı duyuyorum. Ürün kesinlikle orjinal her yerden kontrol ettirdim. Şarj süresi evrak üzerinde neyse o tamamıyla yazılan değerleri karşılıyor. Ses kalitesi gelicek olursak gayet güzel tiz ve bası yeteri kadar gayet tatmin edici evet 2 nesilden bariz daha iyi uzamsal ses konusu evet baya iyi ama söyleki uzamsal sesi her yerde bulamıyorsunuz sadece kfa izleme özelliği kullanılıyor genel olarak premium müzik dinlerseniz gayet iyi ama gerçekten sahnede hissediyorsumuz kendinizi şimdi gelelim değermi fiyatına ülkemizde malum ekonomi kaynaklı fiyatlar pahalı ne yazıkki eğer ikinci nesil bi kulaklığa sahipseniz tavsiye etmiyorum bence ikinci nesilde gayet başarılı değmez diye düşünüyorum ama nihayi karar verecek sizsiniz ama hiç yoksa ve istiyorsanız alınabilir ki zaten fitiyatlarda arasında pek bişey kalmadı ikisinide tercih edebilirsiniz 2 hala alınır ve kullanılır bir kulaklık 3 çok başarılı ve sonuçta en günceli cebinize hangisi uygunsa seçebilirsiniz unutmadan ekleyeyim her insanın kulak yapısı bir değil hatta sağ ve sol bile aynı yapıya sahip değil tam olarak benim kişisel fikrim kesinlikle 2 daha iyi oturuyor kulağa düşmesi imkansızın üzerinde. sadece kendim de değil kullanıcıların çoğu fikri bu yönde 3 mesela 1 aya yakın her saat kulağımda daha düşüremedim her şeyi denedim ama böyle düşme hissi veriyor ama düşmüyor kesinlikle kulak yapısıyla da alakalı olabilir mesela sol kulağımda kesinlikle hiç bir şey yok ama sağ da sanki çıkıcakmış hissi oluşturuyor bazen. Sonuç alınır ve kullanılır ciddi anlamda hayat kolaylaştırdığı doğrudur.
https://www.amazon.com.tr/gp/profile/amzn1.account.AGZJCGWKSUWORX2YIXGZBUXHYM6A/ref=cm_cr_getr_d_gw_btm?ie=UTF8,S.A.,"İlk başta yorumları okuyunca tereddütte kalmıştım acaba kulağımdan düşer mi, kulağımı ağrıtır mı diye. Ancak bu konularda hiç bir sıkıntı yaşamadım. Ses kalitesi oldukça başarılı."
https://www.amazon.com.tr/gp/profile/amzn1.account.AGXR73TALHBQKS4B7XHNDF4532KA/ref=cm_cr_getr_d_gw_btm?ie=UTF8,Murat Abacı,"Teşekkürler Amazon aynı gün teslim edildi ürün çok kaliteli , şık  ve orjinal"
https://www.amazon.com.tr/gp/profile/amzn1.account.AFLVOP7LCVLQRRSZNG4XJFYIZO5Q/ref=cm_cr_getr_d_gw_btm?ie=UTF8,Pınar Trak,İlk defa airpods aldım ses kalitesi olsun konuşurkenki performans olsun çok başarılı.yorumları okuduğumda korkmuştum ama Ben seri numarasından sorgulattığımda 2 senelik garantisi çıktı kesinlikle orijinal ve piyasa fiyatından da en az 200 lira uyguna aldım çok da hızlı geldi teşekkür ederim
https://www.amazon.com.tr/gp/profile/amzn1.account.AHND3XSVAZLT4OXXT72TSBTRDLYQ/ref=cm_cr_getr_d_gw_btm?ie=UTF8,Müge Genç,Çok hızlı geldi. Amazon ve apple kalitesi teşekkürler